--- When using SR data, please cite us and provide a link and/or a mention.


 
Rk,Player▲,Age,Team,Lg,WAR,G,PA,AB,R,H,2B,3B,HR,RBI,SB,CS,BB,SO,BA,OBP,SLG,OPS,OPS+,rOBA,Rbat+,TB,GIDP,HBP,SH,SF,IBB,Pos,Awards,Player▲-additional
1,CJ Abrams*,23,WSN,NL,3.4,138,602,541,79,133,29,6,20,65,31,12,40,128,.246,.314,.433,.747,111,.324,108,234,4,16,1,4,3,*6/H,AS,abramcj01
2,José Abreu,37,HOU,AL,-1.7,35,120,113,10,14,2,0,2,7,0,0,4,28,.124,.167,.195,.361,4,.163,-5,22,4,2,0,1,0,3/H,,abreujo02
3,Wilyer Abreu*,25,BOS,AL,3.4,132,447,399,59,101,33,2,15,58,8,3,40,125,.253,.322,.459,.781,114,.339,112,183,7,3,0,5,0,*9H/78D,ROY-6GG,abreuwi02
4,Luisangel Acuña,22,NYM,NL,0.5,14,40,39,6,12,2,1,3,6,0,1,1,6,.308,.325,.641,.966,166,.387,165,25,1,0,0,0,0,6/DH4,,acunajo01
5,Ronald Acuña Jr.,26,ATL,NL,0.0,49,222,192,38,48,8,1,4,15,16,3,27,53,.250,.351,.365,.716,100,.343,110,70,4,3,0,0,0,9,,acunaro01
6,Willy Adames,28,MIL,NL,3.1,161,688,610,93,153,33,0,32,112,21,4,74,173,.251,.331,.462,.794,119,.348,117,282,12,1,0,3,3,*6,MVP-10,adamewi01
7,Jordyn Adams,24,LAA,AL,-0.2,11,38,35,4,8,0,0,1,4,2,0,3,12,.229,.289,.314,.604,71,.280,67,11,1,0,0,0,0,/987H,,adamsjo03
8,Riley Adams,28,WSN,NL,0.2,41,130,116,10,26,5,1,2,8,1,0,10,35,.224,.292,.336,.629,80,.292,84,39,4,2,0,2,1,2/DH,,adamsri03
9,Jo Adell,25,LAA,AL,0.9,130,451,405,54,84,15,2,20,62,15,10,35,126,.207,.280,.402,.682,90,.297,90,163,9,7,0,3,1,*9H/D8,,adelljo01
10,Ehire Adrianza#,34,LAA,AL,0.1,8,28,26,4,5,1,0,1,2,0,0,2,11,.192,.250,.346,.596,67,.255,58,9,1,0,0,0,0,/54H,,adriaeh01
11,Nick Ahmed,34,3TM,NL,-0.3,71,228,210,20,48,6,1,2,17,2,1,11,51,.229,.267,.295,.562,61,.254,61,62,6,1,3,3,0,6/H4,,ahmedni01
12,Ozzie Albies#,27,ATL,NL,1.6,99,435,399,52,100,29,1,10,53,8,1,27,65,.251,.303,.404,.707,94,.313,93,161,6,5,0,4,0,4,,albieoz01
13,Kevin Alcántara,21,CHC,NL,-0.2,3,10,10,1,1,0,0,0,0,0,0,0,1,.100,.100,.100,.200,-43,.080,-69,1,0,0,0,0,0,/9,,alcanke01
14,Blaze Alexander,25,ARI,NL,0.0,61,185,166,19,41,7,0,3,21,3,1,15,49,.247,.321,.343,.664,86,.301,87,57,1,3,1,0,0,64D/H5,,alexabl01
15,CJ Alexander*,27,KCR,AL,-0.2,4,8,8,0,1,0,0,0,0,0,0,0,3,.125,.125,.125,.250,-29,.112,-48,1,0,0,0,0,0,/5DH,,alexacj01
16,Nick Allen,25,OAK,AL,0.2,41,105,97,6,17,4,0,1,4,0,0,5,20,.175,.216,.247,.463,35,.215,33,24,0,0,3,0,0,6/5H4,,allenni02
17,Pete Alonso,29,NYM,NL,2.6,162,695,608,91,146,31,0,34,88,3,0,70,172,.240,.329,.459,.788,122,.341,122,279,14,13,0,4,4,*3/DH,AS,alonspe01
18,Jose Altuve,34,HOU,AL,3.4,153,682,628,94,185,31,0,20,65,22,7,47,119,.295,.350,.439,.790,127,.348,126,276,15,7,0,0,2,*4/DH,ASMVP-15SS,altuvjo01
19,Armando Alvarez,29,OAK,AL,-0.4,16,39,37,7,9,1,0,0,2,1,0,2,8,.243,.282,.270,.552,63,.252,57,10,1,0,0,0,0,/53H74,,alvarar01
20,Eddy Alvarez*,34,NYM,NL,0.1,12,11,9,2,0,0,0,0,0,0,0,1,2,.000,.182,.000,.182,-41,.128,-31,0,0,1,0,0,0,4/H16,,alvared01
21,Francisco Alvarez,22,NYM,NL,0.8,100,342,308,39,73,14,2,11,47,1,1,30,86,.237,.307,.403,.710,100,.319,107,124,7,2,0,2,0,2/HD,,alvarfr01
22,Nacho Alvarez Jr.,21,ATL,NL,-0.5,8,32,30,1,3,0,0,0,0,0,0,0,10,.100,.156,.100,.256,-26,.129,-37,3,1,2,0,0,0,/45,,alvarna01
23,Yordan Alvarez*,27,HOU,AL,5.4,147,635,552,88,170,34,2,35,86,6,0,69,95,.308,.392,.567,.959,173,.406,169,313,14,10,0,4,16,D7,ASMVP-9,alvaryo01
24,Adael Amador#,21,COL,NL,-0.4,10,36,35,1,6,1,0,0,0,1,0,1,6,.171,.194,.200,.394,7,.210,10,7,1,0,0,0,0,4,,amadoad01
25,Jacob Amaya,25,2TM,AL,-0.1,24,72,68,4,12,1,0,0,3,1,0,4,28,.176,.222,.191,.413,21,.191,13,13,3,0,0,0,0,6/4,,amayaja01
26,Miguel Amaya,25,CHC,NL,1.9,117,363,328,32,76,13,2,8,47,0,0,23,62,.232,.288,.357,.644,81,.292,84,117,5,4,5,3,0,*2/H,,amayami01
27,Brian Anderson,31,ATL,NL,-0.2,3,5,5,0,0,0,0,0,0,0,0,0,2,.000,.000,.000,.000,-100,.000,-132,0,1,0,0,0,0,/95,,anderbr06
28,Chase Anderson,36,BOS,AL,0.0,1,0,0,0,0,0,0,0,0,0,0,0,0,,,,,,,,0,0,0,0,0,0,1,,anderch01
29,Tim Anderson,31,MIA,NL,-1.5,65,241,234,16,50,3,0,0,9,4,4,7,68,.214,.237,.226,.463,27,.204,15,53,6,0,0,0,0,6/H,,anderti01
30,Miguel Andujar,29,OAK,AL,0.4,75,319,302,31,86,14,1,4,30,3,2,13,42,.285,.320,.377,.697,103,.308,103,114,10,3,0,1,0,7/D3H,,andujmi01
31,Jonathan Aranda*,26,TBR,AL,0.7,44,143,128,22,30,7,0,6,14,0,0,12,32,.234,.308,.430,.737,109,.325,111,55,2,2,0,1,0,3DH/45,,arandjo01
32,Orlando Arcia,29,ATL,NL,0.5,157,602,551,50,120,24,0,17,46,2,0,41,128,.218,.271,.354,.625,72,.278,70,195,16,2,1,7,1,*6,,arciaor01
33,Nolan Arenado,33,STL,NL,2.5,152,635,578,70,157,23,0,16,71,2,2,44,92,.272,.325,.394,.719,102,.315,99,228,15,5,0,7,2,*5/DH,,arenano01
34,Gabriel Arias,24,CLE,AL,-0.4,53,161,153,15,34,9,1,3,15,5,2,6,53,.222,.255,.353,.608,70,.273,71,54,4,1,0,1,0,56/4H38D79,,ariasga01
35,Randy Arozarena,29,2TM,AL,1.7,154,648,549,77,120,33,0,20,60,20,10,73,169,.219,.332,.388,.720,109,.323,113,213,7,22,0,4,0,*7/8DH,,arozara01
36,Luis Arráez*,27,2TM,NL,1.0,150,672,637,83,200,32,3,4,46,9,3,24,29,.314,.346,.392,.739,106,.327,104,250,18,8,2,1,3,3D4/H,ASMVP-18,arraelu01
37,Pedro Avila,27,CLE,AL,0.0,1,0,0,0,0,0,0,0,0,0,0,0,0,,,,,,,,0,0,0,0,0,0,1,,avilape01
38,José Azócar,28,SDP,NL,-0.4,61,79,73,13,16,2,0,0,2,5,1,5,19,.219,.269,.247,.516,46,.265,56,18,1,0,1,0,0,7H8/9D,,azocajo01
39,Akil Baddoo*,25,DET,AL,-0.5,31,82,73,7,10,2,2,2,5,1,0,8,27,.137,.220,.301,.521,47,.230,39,22,0,0,0,1,0,7/89H,,baddoak01
40,Harrison Bader,30,NYM,NL,0.9,143,437,402,57,95,19,0,12,51,17,8,21,95,.236,.284,.373,.657,86,.287,84,150,6,8,0,6,1,*8H/D,,baderha01
41,Ji Hwan Bae*,24,PIT,NL,-0.4,29,81,74,11,14,2,0,0,6,6,2,6,24,.189,.247,.216,.463,31,.228,31,16,0,0,0,1,0,89/HD4,,baeji01
42,Javier Báez,31,DET,AL,-1.1,80,289,272,25,50,12,0,6,37,8,1,12,69,.184,.221,.294,.516,46,.236,41,80,10,2,0,3,1,6/H,,baezja01
43,Patrick Bailey#,25,SFG,NL,1.8,121,448,401,46,94,16,1,8,46,4,0,39,100,.234,.298,.339,.637,83,.286,84,136,10,0,1,7,0,*2H/D,GG,bailepa01
44,Darren Baker*,25,WSN,NL,0.0,9,14,14,1,7,2,0,0,0,0,0,0,3,.500,.500,.643,1.143,225,.483,224,9,0,0,0,0,0,/H4D7,,bakerda02
45,Luken Baker,27,STL,NL,-0.2,21,49,40,3,7,1,1,2,10,1,0,7,11,.175,.286,.400,.686,90,.298,83,16,1,0,0,2,0,DH/3,,bakerlu01
46,Brooks Baldwin#,23,CHW,AL,0.0,33,121,114,9,24,6,0,2,8,4,0,6,31,.211,.250,.316,.566,62,.263,60,36,1,0,1,0,0,4/6,,baldwbr01
47,David Bañuelos,27,BAL,AL,,1,1,1,0,0,0,0,0,0,0,0,0,0,.000,.000,.000,.000,-100,.000,-127,0,0,0,0,0,0,/H,,banueda01
48,Addison Barger*,24,TOR,AL,0.4,69,225,208,20,41,11,0,7,28,2,0,14,60,.197,.250,.351,.601,71,.272,70,73,1,1,0,1,0,59H7/D,,bargead01
49,Austin Barnes,34,LAD,NL,0.7,54,156,140,12,37,3,0,1,11,3,0,14,36,.264,.331,.307,.638,84,.294,85,43,3,0,2,0,0,2/HD4,,barneau01
50,Tucker Barnhart*,33,ARI,NL,0.3,31,96,81,13,14,3,0,0,6,1,0,13,31,.173,.287,.210,.497,42,.252,49,17,0,0,2,0,0,2/1H,,barnhtu01
51,Jorge Barrosa#,23,ARI,NL,0.0,8,18,17,3,3,2,0,0,1,1,0,0,2,.176,.176,.294,.471,28,.213,9,5,0,0,1,0,0,/8H7,,barrojo01
52,Joey Bart,27,PIT,NL,2.2,80,282,253,38,67,11,0,13,45,0,0,22,73,.265,.337,.462,.799,120,.349,121,117,8,6,0,1,0,2D/H,,bartjo01
53,Matthew Batten,29,SDP,NL,0.1,1,3,3,0,1,0,1,0,0,0,0,0,0,.333,.333,1.000,1.333,253,.523,250,3,0,0,0,0,0,/3,,battema01
54,Brett Baty*,24,NYM,NL,0.3,50,171,153,15,35,3,0,4,16,0,0,16,42,.229,.306,.327,.633,81,.287,83,50,3,1,1,0,1,5/H,,batybr01
55,Jake Bauers*,28,MIL,NL,-0.4,116,346,302,45,60,9,2,12,43,13,1,39,118,.199,.301,.361,.662,84,.300,80,109,0,5,0,0,1,3HD9/71,,bauerja01
56,Mike Baumann,28,2TM,AL,0.0,2,0,0,0,0,0,0,0,0,0,0,0,0,,,,,,,,0,0,0,0,0,0,1,,baumami01
57,Jordan Beck,23,COL,NL,-0.8,55,184,170,14,32,6,0,3,13,7,1,12,65,.188,.245,.276,.521,41,.246,36,47,3,1,0,1,1,79/8H,,beckjo01
58,Jalen Beeks*,30,COL,NL,0.0,2,0,0,0,0,0,0,0,0,0,0,0,0,,,,,,,,0,0,0,0,0,0,1,,beeksja02
59,Josh Bell#,31,2TM,NL,-0.6,145,603,538,62,134,23,2,19,71,0,1,51,120,.249,.319,.405,.725,97,.320,98,218,22,6,0,3,1,3D/H,,belljo02
60,Cody Bellinger*,28,CHC,NL,2.2,130,569,516,72,137,23,3,18,78,9,2,45,89,.266,.325,.426,.751,110,.326,108,220,10,3,0,5,7,98D3/7,,bellico01
61,Andrew Benintendi*,29,CHW,AL,-0.8,135,522,477,50,109,20,0,20,64,3,2,41,96,.229,.289,.396,.685,95,.299,92,189,12,1,0,3,1,*7H/D8,,beninan01
62,Will Benson*,26,CIN,NL,-1.4,128,388,343,41,64,19,2,14,43,16,7,40,154,.187,.274,.376,.650,76,.285,70,129,3,2,1,2,0,*798H/D,,bensowi01
63,Brennan Bernardino*,32,BOS,AL,0.0,1,0,0,0,0,0,0,0,0,0,0,0,0,,,,,,,,0,0,0,0,0,0,1,,bernabr01
64,Steward Berroa#,25,TOR,AL,0.3,28,45,37,7,7,1,0,0,1,6,2,8,14,.189,.333,.216,.550,63,.298,83,8,0,0,0,0,0,9H/78D,,berrost01
65,Jon Berti,34,NYY,AL,0.6,25,74,66,10,18,0,0,1,6,5,1,6,14,.273,.342,.318,.661,90,.334,108,21,2,1,1,0,0,5/H47D,,bertijo01
66,Christian Bethancourt,32,2TM,NL,0.3,62,147,139,18,29,7,0,5,22,3,0,5,36,.209,.241,.367,.608,65,.278,64,51,2,1,2,0,0,2/DH,,bethach01
67,Mookie Betts,31,LAD,NL,4.8,116,516,450,75,130,24,5,19,75,16,2,61,57,.289,.372,.491,.863,144,.377,145,221,10,1,0,4,2,694/H,ASMVP-13SS,bettsmo01
68,Bo Bichette,26,TOR,AL,-0.3,81,336,311,29,70,16,1,4,31,5,1,20,64,.225,.277,.322,.598,72,.269,68,100,12,3,0,2,1,6,,bichebo01
69,Cavan Biggio*,29,3TM,2LG,0.1,78,224,188,27,37,5,0,5,19,2,0,24,72,.197,.314,.303,.617,78,.286,80,57,1,8,2,0,0,453H9/D,,biggica01
70,Tyler Black*,23,MIL,NL,-0.1,18,57,49,4,10,2,0,0,2,3,0,7,17,.204,.316,.245,.561,60,.280,62,12,0,1,0,0,0,D/3H,,blackty01
71,Charlie Blackmon*,37,COL,NL,0.6,124,499,449,59,115,24,5,12,52,6,2,43,86,.256,.329,.412,.741,99,.329,100,185,4,6,0,1,2,D9H/8,,blackch02
72,Dairon Blanco,31,KCR,AL,0.1,88,132,120,37,31,4,0,4,13,31,7,8,32,.258,.308,.392,.699,96,.327,85,47,2,1,1,1,0,H798D,,blancda02
73,Travis Blankenhorn*,27,WSN,NL,-0.5,13,32,31,2,4,1,0,0,5,0,0,1,9,.129,.156,.161,.318,-9,.144,-21,5,0,0,0,0,0,D/9H,,blanktr01
74,JJ Bleday*,26,OAK,AL,2.1,159,642,572,74,139,43,4,20,60,2,3,67,125,.243,.324,.437,.762,120,.333,121,250,8,2,1,0,2,*8H/D,,bledajj01
75,Ryan Bliss,24,SEA,AL,0.4,33,71,63,10,14,3,1,2,9,5,3,5,22,.222,.290,.397,.687,102,.292,98,25,1,1,2,0,0,4H/D,,blissry01
76,Xander Bogaerts,31,SDP,NL,1.2,111,463,428,50,113,15,1,11,44,13,3,28,79,.264,.307,.381,.688,92,.307,90,163,13,1,0,6,0,46/DH,,bogaexa01
77,Alec Bohm,27,PHI,NL,3.0,143,606,554,62,155,44,2,15,97,5,2,40,86,.280,.332,.448,.779,117,.340,117,248,18,6,0,6,2,*53/DH,AS,bohmal01
78,David Bote,31,CHC,NL,0.2,37,48,46,4,14,4,0,0,6,0,0,2,13,.304,.333,.391,.725,104,.317,103,18,1,0,0,0,0,5H/431,,boteda01
79,Sean Bouchard,28,COL,NL,-0.6,31,108,91,14,17,7,0,1,8,4,0,12,33,.187,.290,.297,.586,59,.299,73,27,0,2,1,2,0,97/DH,,bouchse01
80,Rob Brantly*,34,TBR,AL,0.0,3,9,9,0,1,0,0,0,0,0,0,0,2,.111,.111,.111,.222,-36,.099,-51,1,0,0,0,0,0,/2,,brantro01
81,John Brebbia*,34,CHW,AL,0.0,1,0,0,0,0,0,0,0,0,0,0,0,0,,,,,,,,0,0,0,0,0,0,1,,brebbjo01
82,Alex Bregman,30,HOU,AL,4.1,145,634,581,79,151,30,2,26,75,3,1,44,86,.260,.315,.453,.768,119,.334,117,263,13,5,0,4,1,*5/D,GG,bregmal01
83,Will Brennan*,26,CLE,AL,-0.2,114,353,330,37,87,13,2,8,30,4,2,19,48,.264,.309,.388,.697,97,.307,96,128,9,3,0,1,2,97HD/8,,brennwi02
84,Jonah Bride,28,MIA,NL,0.8,71,272,232,30,64,10,0,11,39,0,1,30,55,.276,.357,.461,.818,120,.355,122,107,9,3,0,7,1,3D5/4H,,bridejo01
85,Jhony Brito,26,SDP,NL,0.0,1,0,0,0,0,0,0,0,0,0,0,0,0,,,,,,,,0,0,0,0,0,0,1,,britojh01
86,Trenton Brooks*,28,SFG,NL,-0.2,12,29,25,3,3,0,0,0,1,1,0,4,6,.120,.241,.120,.361,9,.193,12,3,1,0,0,0,0,/3HD,,brooktr01
87,Seth Brown*,31,OAK,AL,-0.6,124,400,372,32,86,11,1,14,44,4,2,25,112,.231,.283,.379,.662,91,.291,90,141,7,2,0,1,0,739H/D8,,brownse01
88,Vidal Bruján#,26,MIA,NL,0.5,102,278,248,32,55,14,2,2,16,5,6,25,54,.222,.303,.319,.622,69,.271,64,79,5,4,1,0,3,46H58/9713,,brujavi01
89,Kris Bryant,32,COL,NL,-0.7,37,155,133,9,29,5,0,2,15,0,0,13,48,.218,.323,.301,.623,70,.292,74,40,6,8,0,1,0,D93,,bryankr01
90,Kris Bubic*,26,KCR,AL,0.0,1,0,0,0,0,0,0,0,0,0,0,0,0,,,,,,,,0,0,0,0,0,0,1,,bubickr01
91,Jake Burger,28,MIA,NL,0.5,137,579,535,68,134,23,1,29,76,1,1,31,150,.250,.301,.460,.760,102,.327,100,246,11,9,0,4,2,35D/H,,burgeja01
92,Alec Burleson*,25,STL,NL,1.2,152,595,547,71,147,20,0,21,78,9,4,35,76,.269,.314,.420,.735,105,.325,105,230,8,4,1,6,0,D97H3,,burleal01
93,Michael Busch*,26,CHC,NL,2.8,152,567,496,73,123,28,2,21,65,2,1,63,162,.248,.335,.440,.775,117,.338,118,218,9,4,0,4,1,*3H/4D5,,buschmi02
94,Lawrence Butler*,23,OAK,AL,3.0,125,451,412,63,108,24,2,22,57,18,0,35,108,.262,.317,.490,.807,131,.357,130,202,8,0,0,4,0,*9H/8,,butlela01
95,Byron Buxton,30,MIN,AL,3.6,102,388,355,62,99,27,3,18,56,7,2,20,99,.279,.335,.524,.859,137,.369,136,186,3,11,0,2,1,8/HD,,buxtoby01
96,José Caballero,27,TBR,AL,1.6,139,483,441,53,100,24,1,9,44,44,16,27,133,.227,.283,.347,.630,80,.292,83,153,6,9,3,3,1,654H/D,,cabaljo01
97,Trey Cabbage*,27,HOU,AL,-0.1,45,91,86,12,18,8,0,1,8,1,1,4,34,.209,.253,.337,.590,69,.255,63,29,1,1,0,0,0,9H7/D,,cabbatr01
98,Génesis Cabrera*,27,TOR,AL,0.0,1,0,0,0,0,0,0,0,0,0,0,0,0,,,,,,,,0,0,0,0,0,0,1,,cabrege01
99,Oswaldo Cabrera#,25,NYY,AL,1.3,108,326,299,47,74,11,0,8,36,4,2,21,63,.247,.296,.365,.661,87,.300,90,109,6,1,2,3,0,5H34/6791,,cabreos01
100,Willie Calhoun*,29,LAA,AL,-0.2,68,254,229,26,56,16,0,5,20,0,1,23,31,.245,.315,.380,.695,96,.301,92,87,5,1,0,1,1,D/H37,,calhowi01
101,Alex Call,29,WSN,NL,1.5,30,113,99,15,34,9,0,3,14,5,1,12,19,.343,.425,.525,.950,171,.429,181,52,2,2,0,0,0,9/87H,,callal02
102,Jair Camargo,24,MIN,AL,-0.1,5,7,6,1,0,0,0,0,0,0,0,1,3,.000,.143,.000,.143,-54,.098,-57,0,0,0,0,0,0,/2DH,,camarja01
103,Daz Cameron,27,OAK,AL,-0.5,66,186,170,22,34,5,1,5,15,5,0,13,51,.200,.258,.329,.587,70,.268,69,56,3,1,0,2,0,79H8/D,,camerda01
104,Junior Caminero,20,TBR,AL,0.7,43,177,165,15,41,9,1,6,18,2,0,11,38,.248,.299,.424,.724,104,.315,102,70,2,1,0,0,2,5/D3H,,caminju01
105,Isaiah Campbell,26,BOS,AL,0.0,2,0,0,0,0,0,0,0,0,0,0,0,0,,,,,,,,0,0,0,0,0,0,/1,,campbis01
106,Gustavo Campero#,26,LAA,AL,-0.1,13,48,46,6,11,0,1,1,6,3,0,0,8,.239,.271,.348,.619,74,.305,83,16,0,2,0,0,0,9/7H,,campegu01
107,Luis Campusano,25,SDP,NL,-0.7,91,299,277,37,63,13,0,8,40,0,0,20,41,.227,.281,.361,.642,78,.287,78,100,11,1,0,1,0,2H/3,,campulu01
108,Alexander Canario,24,CHC,NL,0.3,15,28,25,4,7,1,0,1,2,1,0,2,11,.280,.357,.440,.797,124,.350,120,11,0,1,0,0,0,7/9HD,,canaral01
109,Jeimer Candelario#,30,CIN,NL,-0.7,112,463,427,47,96,23,2,20,56,4,3,27,114,.225,.279,.429,.707,90,.306,87,183,7,6,0,3,1,53D/H,,candeje01
110,Mark Canha,35,2TM,2LG,0.6,125,462,393,46,95,20,0,7,42,7,0,51,96,.242,.344,.346,.690,99,.321,104,136,10,13,0,5,2,3D7H9/5,,canhama01
111,Dominic Canzone*,26,SEA,AL,0.2,67,188,168,20,33,7,0,8,17,1,0,18,53,.196,.271,.381,.652,92,.290,92,64,5,0,0,2,2,97H/D,,canzodo01
112,Conner Capel*,27,CIN,NL,-0.1,5,8,8,1,2,0,0,0,0,1,0,0,2,.250,.250,.250,.500,38,.254,27,2,0,0,0,0,0,/DH7,,capelco01
113,Vinny Capra,27,MIL,NL,-0.1,3,9,9,1,1,1,0,0,0,0,0,0,3,.111,.111,.222,.333,-10,.138,-31,2,1,0,0,0,0,/56,,capravi01
114,Victor Caratini#,30,HOU,AL,1.3,87,274,245,30,66,8,1,8,30,0,1,23,53,.269,.336,.408,.744,114,.325,113,100,6,3,0,3,1,2H3/D,,caratvi01
115,Dylan Carlson#,25,2TM,2LG,-1.2,96,265,235,19,49,7,0,3,25,2,1,22,75,.209,.287,.277,.563,61,.256,58,65,2,5,0,3,0,798H/D,,carlsdy01
116,Kerry Carpenter*,26,DET,AL,2.2,87,296,264,37,75,16,5,18,57,0,2,22,75,.284,.345,.587,.932,159,.386,156,155,5,4,0,3,1,9DH/7,,carpeke01
117,Matt Carpenter*,38,STL,NL,-0.1,59,157,137,15,32,7,0,4,15,0,2,15,51,.234,.314,.372,.686,93,.301,93,51,0,2,0,2,0,DH/345,,carpema01
118,Corbin Carroll*,23,ARI,NL,3.4,158,684,589,121,136,22,14,22,74,35,8,73,130,.231,.322,.428,.749,107,.333,106,252,3,10,3,9,0,*89/H,,carroco02
119,Evan Carter*,21,TEX,AL,0.6,45,162,144,23,27,6,2,5,15,2,0,15,43,.188,.272,.361,.633,81,.284,79,52,1,2,0,1,0,7/9HD8,,carteev01
120,Curt Casali,35,SFG,NL,0.3,41,125,108,12,21,3,0,1,8,0,0,13,22,.194,.293,.250,.543,59,.270,73,27,3,2,2,0,0,2,,casalcu01
121,Triston Casas*,24,BOS,AL,0.6,63,243,212,28,51,8,0,13,32,0,1,30,77,.241,.337,.462,.800,120,.340,116,98,6,1,0,0,4,3/HD,,casastr01
122,Nick Castellanos,32,PHI,NL,0.8,162,659,606,80,154,30,4,23,86,6,2,41,139,.254,.311,.431,.742,106,.327,108,261,14,10,0,2,2,*9/D,,casteni01
123,Diego Castillo,26,MIN,AL,0.2,4,8,6,3,2,1,0,0,2,0,0,2,1,.333,.500,.500,1.000,184,.439,189,3,0,0,0,0,0,/5DH,,castidi02
124,Luis Castillo,31,SEA,AL,0.0,1,1,1,0,0,0,0,0,0,0,0,0,1,.000,.000,.000,.000,-100,.000,-118,0,0,0,0,0,0,1,,castilu02
125,Willi Castro#,27,MIN,AL,1.6,158,635,558,89,138,31,5,12,60,14,9,51,150,.247,.331,.385,.717,102,.326,108,215,8,21,1,4,0,64785/H1,AS,castrwi01
126,Jake Cave*,31,COL,NL,-0.7,123,346,323,42,81,16,5,7,37,5,2,18,98,.251,.290,.396,.686,83,.297,77,128,6,1,1,3,1,*97H/8D,,caveja01
127,Andrés Chaparro,25,WSN,NL,-0.1,33,132,121,12,26,12,0,4,15,1,1,7,24,.215,.280,.413,.694,95,.305,97,50,3,4,0,0,0,D3,,chapaan01
128,Matt Chapman,31,SFG,NL,7.1,154,647,575,98,142,39,2,27,78,15,2,64,158,.247,.328,.463,.790,124,.351,129,266,13,6,0,2,3,*5/H,MVP-11GG,chapmma01
129,Jazz Chisholm Jr.*,26,2TM,2LG,2.7,147,621,562,74,144,21,4,24,73,40,10,53,152,.256,.324,.436,.760,107,.339,106,245,6,4,0,2,5,85/D4H,,chishja01
130,Jackson Chourio,20,MIL,NL,3.8,148,573,528,80,145,29,4,21,79,22,7,39,121,.275,.327,.464,.791,118,.344,115,245,7,3,1,2,4,*79/HD,MVP-22ROY-3,chourja01
131,Jonatan Clase#,22,2TM,AL,-0.1,26,66,61,7,15,2,0,1,5,3,1,3,17,.246,.303,.328,.631,86,.299,94,20,1,2,0,0,0,7/8HD,,clasejo01
132,Kody Clemens*,28,PHI,NL,0.3,43,120,114,17,25,9,1,5,18,0,0,5,29,.219,.258,.447,.706,94,.300,88,51,2,1,0,0,0,H35/471D,,clemeko01
133,Ernie Clement,28,TOR,AL,3.4,139,452,434,48,114,21,3,12,51,12,3,11,41,.263,.284,.408,.692,96,.317,102,177,11,3,2,2,1,56H/4D17,,clemeer01
134,Oscar Colás*,25,CHW,AL,0.1,13,38,33,1,9,0,0,0,4,0,1,4,10,.273,.368,.273,.641,89,.285,91,9,0,1,0,0,0,/98H,,colasos01
135,Isaac Collins#,26,MIL,NL,-0.3,11,19,17,0,2,0,0,0,0,1,0,2,10,.118,.211,.118,.328,-5,.175,-14,2,0,0,0,0,0,/H74D,,colliis01
136,Michael Conforto*,31,SFG,NL,1.3,130,488,438,56,104,27,3,20,66,0,1,42,118,.237,.309,.450,.759,115,.326,115,197,16,5,0,3,1,7DH,,confomi01
137,Griffin Conine*,26,MIA,NL,0.7,30,89,82,14,22,4,1,3,12,0,0,6,28,.268,.326,.451,.777,108,.332,104,37,1,1,0,0,0,9/7HD,,coningr01
138,William Contreras,26,MIL,NL,4.9,155,679,595,99,167,37,2,23,92,9,2,78,139,.281,.365,.466,.831,130,.361,129,277,19,3,0,3,5,*2D/H,ASMVP-5SS,contrwi02
139,Willson Contreras,32,STL,NL,3.0,84,358,301,48,79,17,0,15,36,4,1,45,96,.262,.380,.468,.848,137,.370,137,141,7,12,0,0,2,2D/H,,contrwi01
140,Billy Cook,25,PIT,NL,0.6,16,49,49,5,11,2,0,3,8,1,0,0,19,.224,.224,.449,.673,82,.287,73,22,0,0,0,0,0,/3897,,cookbi01
141,Garrett Cooper,33,2TM,2LG,-0.8,36,116,107,6,22,5,1,1,11,0,0,7,35,.206,.267,.299,.566,59,.253,53,32,3,2,0,0,0,3D/H7,,coopega03
142,Carlos Correa,29,MIN,AL,3.7,86,367,319,55,99,20,2,14,54,0,0,40,61,.310,.388,.517,.905,152,.393,155,165,5,3,0,4,4,6/DH,AS,correca01
143,Danny Coulombe*,34,BAL,AL,0.0,1,0,0,0,0,0,0,0,0,0,0,0,0,,,,,,,,0,0,0,0,0,0,1,,couloda01
144,Colton Cowser*,24,BAL,AL,3.1,153,561,499,77,121,24,3,24,69,9,4,52,172,.242,.321,.447,.768,122,.329,119,223,9,7,0,3,2,*789H/D,ROY-2,cowseco01
145,Brandon Crawford*,37,STL,NL,-0.2,28,80,71,5,12,5,0,1,4,0,0,8,26,.169,.263,.282,.544,54,.247,49,20,0,1,0,0,0,6/5HD1,,crawfbr01
146,J.P. Crawford*,29,SEA,AL,2.7,105,451,392,55,79,16,2,9,37,5,0,52,102,.202,.304,.321,.625,87,.286,89,126,4,6,0,1,0,6/HD,,crawfjp01
147,Dylan Crews,22,WSN,NL,0.6,31,132,119,12,26,5,1,3,8,12,3,11,26,.218,.288,.353,.641,83,.296,82,42,4,1,0,1,0,9/8,,crewsdy01
148,Jeff Criswell,25,COL,NL,0.0,1,0,0,0,0,0,0,0,0,0,0,0,0,,,,,,,,0,0,0,0,0,0,1,,criswje01
149,Jake Cronenworth*,30,SDP,NL,1.9,155,656,577,72,139,29,3,17,83,5,2,61,118,.241,.324,.390,.714,99,.319,101,225,19,11,1,3,0,34/DH,,croneja01
150,Pete Crow-Armstrong*,22,CHC,NL,2.3,123,410,372,46,88,13,6,10,47,27,3,21,98,.237,.286,.384,.670,87,.300,82,143,4,6,8,3,2,*8H,,crowape01
151,Fernando Cruz#,34,CIN,NL,0.0,1,0,0,0,0,0,0,0,0,0,0,0,0,,,,,,,,0,0,0,0,0,0,1,,cruzfe01
152,Oneil Cruz*,25,PIT,NL,2.5,146,599,541,72,140,34,3,21,76,22,1,51,181,.259,.324,.449,.773,113,.340,110,243,8,3,0,4,5,*68H/D,,cruzon01
153,Travis d'Arnaud,35,ATL,NL,1.1,99,341,307,40,73,16,0,15,48,1,0,24,89,.238,.302,.436,.739,102,.320,101,134,8,6,0,4,0,2H,,darnatr01
154,David Dahl*,30,PHI,NL,0.3,19,62,58,6,12,2,0,3,8,0,0,3,21,.207,.242,.397,.638,76,.287,79,23,0,0,0,1,0,7/D9H,,dahlda01
155,Bobby Dalbec,29,BOS,AL,-0.8,37,93,83,6,11,2,0,1,8,3,0,8,43,.133,.217,.193,.410,16,.196,4,16,1,1,1,0,0,35/H9D,,dalbebo01
156,Henry Davis,24,PIT,NL,-0.6,37,122,104,9,15,4,0,1,5,0,0,13,45,.144,.242,.212,.453,28,.226,32,22,1,1,1,2,0,2/HD,,davishe01
157,J.D. Davis,31,2TM,AL,-0.4,46,157,142,13,31,5,0,4,6,0,0,12,39,.218,.293,.338,.631,83,.278,79,48,5,3,0,0,0,35/DH,,davisjd01
158,Bryan De La Cruz,27,2TM,NL,-1.4,149,622,584,61,136,25,0,21,68,5,2,29,170,.233,.271,.384,.654,76,.290,75,224,10,3,0,5,1,7D9/H,,delacbr01
159,Elly De La Cruz#,22,CIN,NL,5.2,160,696,618,105,160,36,10,25,76,67,16,69,218,.259,.339,.471,.809,119,.367,122,291,12,6,2,1,2,*6/H,ASMVP-8,delacel01
160,Luis De Los Santos,26,TOR,AL,-0.1,13,31,29,2,5,2,0,0,1,0,0,2,10,.172,.226,.241,.467,35,.208,26,7,2,0,0,0,0,5/H37,,deloslu03
161,Paul DeJong,30,2TM,AL,0.9,139,482,445,54,101,17,0,24,56,2,2,23,156,.227,.276,.427,.703,98,.304,95,190,9,9,0,5,0,65H/D,,dejonpa01
162,Adrian Del Castillo*,24,ARI,NL,0.5,25,87,80,12,25,5,0,4,19,1,1,7,28,.313,.368,.525,.893,146,.379,146,42,1,0,0,0,0,2/H,,delcaad01
163,Jason Delay,29,PIT,NL,0.1,7,19,15,1,3,3,0,0,6,0,0,3,0,.200,.333,.400,.733,104,.322,102,6,0,0,1,0,0,/2DH,,delayja01
164,Zach DeLoach*,25,CHW,AL,-0.1,22,75,67,10,14,5,0,1,5,0,1,8,21,.209,.293,.328,.622,79,.280,84,22,0,0,0,0,0,9/7H8D,,deloaza01
165,Jonny DeLuca,25,TBR,AL,0.6,107,362,332,29,72,12,4,6,31,16,6,24,77,.217,.278,.331,.609,74,.279,76,110,1,4,2,0,1,98H7/D,,delucjo01
166,José Devers*,24,MIA,NL,0.1,3,4,4,1,1,0,0,0,0,0,0,0,1,.250,.250,.250,.500,37,.224,26,1,0,0,0,0,0,/34H,,deverjo01
167,Rafael Devers*,27,BOS,AL,3.7,138,601,525,87,143,34,5,28,83,3,0,67,147,.272,.354,.516,.871,139,.368,134,271,13,3,0,6,14,*5/D,ASMVP-13,deverra01
168,Zach Dezenzo,24,HOU,AL,-0.2,19,65,62,5,15,2,0,2,8,0,0,3,22,.242,.277,.371,.648,85,.307,98,23,3,0,0,0,0,3/5DH,,dezenza01
169,Aledmys Díaz,33,2TM,AL,-0.6,14,34,33,2,3,0,0,0,1,0,0,1,9,.091,.118,.091,.209,-38,.099,-49,3,0,0,0,0,0,/634H57,,diazal02
170,Alexis Díaz,27,CIN,NL,0.0,1,0,0,0,0,0,0,0,0,0,0,0,0,,,,,,,,0,0,0,0,0,0,1,,diazal03
171,Edwin Díaz,30,NYM,NL,0.0,1,0,0,0,0,0,0,0,0,0,0,0,0,,,,,,,,0,0,0,0,0,0,1,,diazed04
172,Elias Díaz,33,2TM,NL,1.3,96,351,325,27,86,20,0,6,39,0,0,20,69,.265,.313,.382,.695,87,.309,87,124,15,4,0,2,2,2D/H,,diazel01
173,Yainer Diaz,25,HOU,AL,3.3,148,619,585,70,175,29,3,16,84,2,0,24,107,.299,.325,.441,.766,119,.339,120,258,22,2,0,8,1,2D3/H,,diazya02
174,Yandy Díaz,32,TBR,AL,1.6,145,621,563,55,158,31,1,14,65,0,0,50,95,.281,.341,.414,.755,115,.336,119,233,12,4,0,4,0,*3D/H,,diazya01
175,Jake Diekman,37,NYM,NL,0.0,1,0,0,0,0,0,0,0,0,0,0,0,0,,,,,,,,0,0,0,0,0,0,1,,diekmja01
176,Dillon Dingler,25,DET,AL,-0.3,27,87,84,2,14,5,2,1,11,0,0,3,30,.167,.195,.310,.505,41,.217,31,26,2,0,0,0,0,2,,dingldi01
177,Jasson Domínguez#,21,NYY,AL,-0.1,18,67,56,8,10,1,0,2,4,5,0,11,19,.179,.313,.304,.617,77,.315,88,17,0,0,0,0,0,7/8HD,,dominja01
178,Seranthony Domínguez,29,BAL,AL,0.0,1,0,0,0,0,0,0,0,0,0,0,0,0,,,,,,,,0,0,0,0,0,0,1,,dominse01
179,Brendan Donovan*,27,STL,NL,2.6,153,652,587,65,163,34,3,14,73,5,5,47,81,.278,.342,.417,.759,113,.332,112,245,4,13,0,5,0,74/5DH9,,donovbr01
180,Brenton Doyle,26,COL,NL,4.0,149,603,542,82,141,24,4,23,72,30,5,46,153,.260,.317,.446,.764,104,.338,102,242,13,3,4,8,1,*8/DH,GG,doylebr02
181,Logan Driscoll*,26,TBR,AL,-0.1,15,37,35,2,6,0,0,1,5,0,0,1,6,.171,.189,.257,.446,26,.186,11,9,0,0,0,1,0,2,,drisclo01
182,Brandon Drury,31,LAA,AL,-2.0,97,360,325,28,55,7,0,4,15,1,0,27,81,.169,.242,.228,.469,34,.228,38,74,13,5,0,3,0,45D3/H,,drurybr01
183,Mauricio Dubón,29,HOU,AL,1.1,137,428,402,45,108,25,0,4,47,3,2,16,55,.269,.296,.361,.657,89,.289,85,145,6,2,3,5,0,7483H95/6,,dubonma01
184,Matt Duffy,33,TEX,AL,0.2,4,10,7,2,2,0,0,0,0,0,0,2,1,.286,.500,.286,.786,136,.388,156,2,0,1,0,0,0,/5H,,duffyma01
185,Blake Dunn,25,CIN,NL,-0.2,19,29,26,8,4,1,0,1,1,2,0,2,11,.154,.241,.308,.549,49,.263,44,8,1,1,0,0,0,7/H89D,,dunnbl01
186,Oliver Dunn*,26,MIL,NL,0.2,41,104,95,11,21,2,2,1,7,3,0,6,40,.221,.282,.316,.597,67,.269,58,30,1,2,1,0,0,5H/D34,,dunnol01
187,Ezequiel Durán,25,TEX,AL,0.0,92,285,268,26,66,11,0,3,20,1,2,14,63,.246,.288,.321,.609,76,.273,75,86,6,2,0,1,0,573DH/6498,,duranez01
188,Jarren Duran*,27,BOS,AL,8.7,160,735,671,111,191,48,14,21,75,34,7,54,160,.285,.342,.492,.834,129,.373,134,330,6,6,1,3,1,*87,ASMVP-8,duranja01
189,Adam Duvall,35,ATL,NL,-1.4,104,330,303,29,55,10,0,11,30,0,0,21,99,.182,.245,.323,.569,57,.262,59,98,6,5,0,1,0,79H/D,,duvalad01
190,Tommy Edman#,29,LAD,NL,0.9,37,153,139,20,33,5,1,6,20,6,0,11,30,.237,.294,.417,.711,100,.321,101,58,2,1,0,2,0,86/H4,,edmanto01
191,Xavier Edwards#,24,MIA,NL,2.0,70,303,265,39,87,12,5,1,26,31,4,33,52,.328,.397,.423,.820,123,.383,128,112,0,0,1,4,1,6/H4,,edwarxa01
192,Duke Ellis*,26,2TM,AL,-0.1,11,5,5,1,1,0,0,0,0,5,0,0,2,.200,.200,.200,.400,16,.427,11,1,0,0,0,0,0,/H789D,,ellisdu01
193,Christian Encarnacion-Strand,24,CIN,NL,-1.0,29,123,116,13,22,6,0,2,16,0,0,4,35,.190,.220,.293,.513,39,.222,25,34,4,1,0,2,0,3,,encarch01
194,Jerar Encarnación,26,SFG,NL,0.1,35,119,113,13,28,5,0,5,19,1,0,5,34,.248,.277,.425,.702,98,.301,94,48,0,0,0,1,0,D9/7H3,,encarje01
195,Mason Englert#,24,DET,AL,0.0,1,0,0,0,0,0,0,0,0,0,0,0,0,,,,,,,,0,0,0,0,0,0,1,,englema01
196,Santiago Espinal,29,CIN,NL,-0.4,118,391,357,32,88,12,0,9,45,11,1,24,54,.246,.295,.356,.650,77,.294,73,127,7,2,4,4,1,54HD/679,,espinsa01
197,Thairo Estrada,28,SFG,NL,-0.5,96,381,364,43,79,15,2,9,47,2,2,10,76,.217,.247,.343,.590,68,.263,69,125,8,5,0,2,0,4/DH,,estrath01
198,Sandro Fabian,26,TEX,AL,-0.1,3,5,5,0,0,0,0,0,0,0,0,0,0,.000,.000,.000,.000,-100,.000,-121,0,0,0,0,0,0,/79,,fabiasa01
199,Stuart Fairchild,28,CIN,NL,1.0,94,233,209,33,45,8,0,8,30,13,1,17,60,.215,.286,.368,.654,77,.314,83,77,1,4,2,1,0,8H97/D,,faircst01
200,Buck Farmer*,33,CIN,NL,0.0,1,0,0,0,0,0,0,0,0,0,0,0,0,,,,,,,,0,0,0,0,0,0,1,,farmebu01
201,Kyle Farmer,33,MIN,AL,-0.3,107,242,215,26,46,13,1,5,25,3,5,19,49,.214,.293,.353,.647,82,.281,80,76,6,6,0,2,1,45H6/13D,,farmeky01
202,Hunter Feduccia*,27,LAD,NL,0.1,5,14,12,2,4,0,0,0,1,0,0,2,2,.333,.429,.333,.762,122,.354,132,4,1,0,0,0,0,/2H,,feduchu01
203,Freddy Fermin,29,KCR,AL,3.0,111,368,339,40,92,14,0,6,36,2,0,23,66,.271,.319,.366,.685,93,.307,92,124,10,2,1,3,1,2D/H,,fermifr01
204,José Fermín,25,STL,NL,-0.6,45,79,71,7,11,1,1,0,4,2,1,7,11,.155,.241,.197,.438,26,.205,19,14,3,1,0,0,0,HD54/7,,fermijo01
205,Ryan Fernandez,26,STL,NL,0.0,2,0,0,0,0,0,0,0,0,0,0,0,0,,,,,,,,0,0,0,0,0,0,1,,fernary01
206,Kyle Finnegan,32,WSN,NL,0.0,1,0,0,0,0,0,0,0,0,0,0,0,0,,,,,,,,0,0,0,0,0,0,1,AS,finneky01
207,Tyler Fitzgerald,26,SFG,NL,2.8,96,341,314,53,88,19,2,15,34,17,4,22,108,.280,.334,.497,.831,135,.367,140,156,2,4,0,1,0,6H/8471D3,,fitzgty01
208,David Fletcher,30,ATL,NL,0.0,5,9,8,0,2,0,0,0,2,0,0,0,1,.250,.222,.250,.472,31,.188,6,2,0,0,0,1,0,/4,,fletcda02
209,Dominic Fletcher*,26,CHW,AL,-0.3,72,241,223,14,46,8,0,1,17,0,0,11,58,.206,.252,.256,.508,47,.225,38,57,5,3,2,1,1,98/H7,,fletcdo01
210,Wilmer Flores,32,SFG,NL,-0.6,71,242,214,19,44,12,0,4,26,0,0,20,33,.206,.277,.318,.595,71,.274,76,68,5,3,0,5,1,3H/D5,,florewi01
211,Estevan Florial*,26,CLE,AL,0.1,36,111,98,11,17,6,2,3,11,2,1,11,41,.173,.264,.367,.631,77,.275,73,36,2,1,1,0,0,79D/H8,,flories01
212,Jason Foley,28,DET,AL,0.0,1,0,0,0,0,0,0,0,0,0,0,0,0,,,,,,,,0,0,0,0,0,0,1,,foleyja01
213,Mike Ford*,31,CIN,NL,-0.7,17,62,60,2,9,0,1,1,4,0,0,2,15,.150,.177,.233,.411,11,.181,-4,14,1,0,0,0,0,D/3H,,fordmi01
214,Nick Fortes,27,MIA,NL,0.0,110,335,308,28,70,16,0,4,29,0,1,11,41,.227,.259,.318,.577,56,.249,44,98,6,4,7,5,0,*2/H,,forteni01
215,Justin Foscue,25,TEX,AL,-0.7,15,44,42,3,2,1,0,0,1,0,0,2,18,.048,.091,.071,.162,-52,.080,-65,3,0,0,0,0,0,D/4H3,,foscuju01
216,Jake Fraley*,29,CIN,NL,0.3,116,382,350,44,97,19,2,5,26,20,5,26,70,.277,.330,.386,.716,95,.319,92,135,6,3,0,3,0,9H/D78,,fraleja01
217,Ty France,29,2TM,2LG,-0.6,140,535,479,46,112,24,0,13,51,1,1,38,114,.234,.305,.365,.670,93,.301,95,175,16,13,0,5,0,*3/DH4,,francty01
218,Adam Frazier*,32,KCR,AL,0.3,104,294,262,35,53,10,1,4,22,3,0,22,59,.202,.282,.294,.576,64,.269,64,77,0,7,3,0,0,4H9D7/53,,fraziad01
219,Kyle Freeland*,31,COL,NL,0.0,2,0,0,0,0,0,0,0,0,0,0,0,0,,,,,,,,0,0,0,0,0,0,1/H,,freelky01
220,Freddie Freeman*,34,LAD,NL,4.7,147,638,542,81,153,35,2,22,89,9,2,78,100,.282,.378,.476,.854,142,.370,142,258,13,10,0,8,9,*3,ASMVP-17,freemfr01
221,Tyler Freeman,25,CLE,AL,0.9,118,383,330,48,69,14,1,7,32,11,6,28,53,.209,.305,.321,.626,79,.288,83,106,15,19,3,3,1,8H6/54D,,freemty01
222,Sal Frelick*,24,MIL,NL,2.1,145,524,475,66,123,22,4,2,32,18,3,39,78,.259,.320,.335,.655,84,.303,84,159,8,4,2,1,0,*987H/5D,GG,frelisa01
223,Luis Frías,26,ARI,NL,0.0,1,0,0,0,0,0,0,0,0,0,0,0,0,,,,,,,,0,0,0,0,0,0,/1,,friaslu01
224,TJ Friedl*,28,CIN,NL,0.5,85,341,297,35,67,5,1,13,55,9,1,26,52,.226,.310,.380,.690,88,.313,88,113,1,12,2,4,0,8/HD,,friedtj01
225,David Fry,28,CLE,AL,1.4,122,392,335,44,88,18,1,14,51,4,1,42,84,.263,.356,.448,.804,127,.352,128,150,13,9,0,4,4,DH237/59,AS,fryda01
226,Hunter Gaddis,26,CLE,AL,0.0,1,0,0,0,0,0,0,0,0,0,0,0,0,,,,,,,,0,0,0,0,0,0,1,,gaddihu01
227,Joey Gallo*,30,WSN,NL,0.3,76,260,223,24,36,9,0,10,27,3,1,32,102,.161,.277,.336,.613,75,.282,78,75,1,4,0,1,0,3/9HD7,,gallojo01
228,Ben Gamel*,32,2TM,2LG,0.2,38,99,81,22,20,4,0,1,4,1,0,18,24,.247,.384,.333,.717,110,.338,118,27,0,0,0,0,1,97/HD,,gamelbe01
229,Adolis García,31,TEX,AL,0.3,154,637,580,68,130,27,0,25,85,11,5,45,177,.224,.284,.400,.684,95,.302,94,232,12,6,0,6,2,*9D/H,,garciad02
230,Aramis Garcia,31,PHI,NL,-0.1,3,7,7,0,0,0,0,0,0,0,0,0,3,.000,.000,.000,.000,-100,.000,-129,0,1,0,0,0,0,/2,,garciar01
231,Avisaíl García,33,MIA,NL,-0.2,18,51,50,4,12,1,0,2,2,0,0,1,13,.240,.255,.380,.635,69,.269,58,19,4,0,0,0,0,9/H,,garciav01
232,Luis García Jr.*,24,WSN,NL,2.2,140,528,500,58,141,25,1,18,70,22,5,27,86,.282,.318,.444,.762,116,.336,114,222,12,0,0,1,2,*4H/D,,garcilu04
233,Maikel Garcia,24,KCR,AL,1.2,157,626,575,84,133,27,5,7,58,37,2,42,103,.231,.281,.332,.614,73,.287,69,191,7,0,4,5,0,*54H/69,,garcima01
234,Stone Garrett,28,WSN,NL,0.3,2,6,5,2,3,1,0,1,3,0,0,1,0,.600,.667,1.400,2.067,470,.807,455,7,0,0,0,0,0,/DH,,garrest01
235,Mitch Garver,33,SEA,AL,-0.1,114,430,367,37,63,17,0,15,51,0,0,53,133,.172,.286,.341,.627,86,.282,88,125,9,7,0,3,0,D2/H,,garvemi01
236,Mickey Gasper#,28,BOS,AL,-0.2,13,23,18,1,0,0,0,0,0,0,0,4,8,.000,.217,.000,.217,-32,.151,-22,0,1,1,0,0,0,/4HD3,,gaspemi01
237,Zack Gelof,24,OAK,AL,1.4,138,547,497,60,105,20,2,17,49,25,3,38,188,.211,.270,.362,.632,82,.286,80,180,7,4,3,5,0,*4/H,,gelofza01
238,Tyler Gentry,25,KCR,AL,-0.1,3,5,5,0,0,0,0,0,0,0,0,0,2,.000,.000,.000,.000,-100,.000,-125,0,0,0,0,0,0,/9H,,gentrty01
239,Andrés Giménez*,25,CLE,AL,4.0,152,633,583,64,147,22,1,9,63,30,5,26,97,.252,.298,.340,.638,81,.294,81,198,11,15,3,6,1,*4,GG,gimenan01
240,Kevin Ginkel*,30,ARI,NL,0.0,2,0,0,0,0,0,0,0,0,0,0,0,0,,,,,,,,0,0,0,0,0,0,1,,ginkeke01
241,Paul Goldschmidt,36,STL,NL,1.3,154,654,599,70,147,33,1,22,65,11,0,47,173,.245,.302,.414,.716,99,.326,104,248,20,2,0,2,2,*3/DH,,goldspa01
242,Yan Gomes,36,CHC,NL,-0.7,34,96,91,7,14,2,0,2,7,0,0,2,36,.154,.179,.242,.421,18,.192,12,22,2,1,1,1,0,2,,gomesya01
243,Nick Gonzales,25,PIT,NL,0.9,94,387,359,42,97,19,3,7,49,5,3,18,74,.270,.311,.398,.709,96,.316,98,143,8,5,1,4,1,4/6H5,,gonzani01
244,Romy González,27,BOS,AL,0.9,89,216,199,25,53,10,1,6,29,11,3,12,58,.266,.306,.417,.723,99,.326,100,83,5,1,0,4,0,H4635/97D8,,gonzaro01
245,Hunter Goodman,24,COL,NL,-0.8,70,224,211,24,40,9,0,13,36,1,1,8,64,.190,.228,.417,.645,69,.270,59,88,5,3,0,2,0,92DH/73,,goodmhu01
246,Niko Goodrum#,32,2TM,AL,-0.8,13,33,29,2,3,0,0,0,0,1,1,3,10,.103,.188,.103,.291,-14,.168,1,3,0,0,1,0,0,/7H3546,,goodrni01
247,Nick Gordon*,28,MIA,NL,-1.7,95,275,260,29,59,11,1,8,32,5,5,11,67,.227,.258,.369,.627,68,.263,58,96,5,1,0,3,0,7H8/49D,,gordoni01
248,Nolan Gorman*,24,STL,NL,0.3,107,402,365,42,74,15,0,19,50,6,1,34,151,.203,.271,.400,.671,86,.291,79,146,2,1,0,2,1,4/H5,,gormano01
249,Yasmani Grandal#,35,PIT,NL,0.6,72,243,215,26,49,10,0,9,27,1,0,24,46,.228,.304,.400,.704,95,.327,105,86,7,0,3,1,0,2/H3,,grandya01
250,Tristan Gray*,28,2TM,2LG,-0.1,15,31,28,0,3,1,0,0,0,0,0,3,16,.107,.194,.143,.336,-1,.164,-5,4,0,0,0,0,0,/35H,,graytr01
251,Chad Green*,33,TOR,AL,0.0,1,0,0,0,0,0,0,0,0,0,0,0,0,,,,,,,,0,0,0,0,0,0,1,,greench03
252,Riley Greene*,23,DET,AL,5.4,137,584,512,82,134,27,6,24,74,4,2,64,156,.262,.348,.479,.827,133,.358,133,245,2,5,0,2,3,7D8/9H,AS,greenri03
253,Randal Grichuk,32,ARI,NL,2.2,106,279,254,40,74,20,2,12,46,0,0,20,46,.291,.348,.528,.875,140,.377,142,134,5,3,0,2,0,9DH7,,grichra01
254,Trent Grisham*,27,NYY,AL,0.4,76,209,179,21,34,8,0,9,31,1,1,22,57,.190,.290,.385,.675,90,.306,95,69,5,4,1,2,1,8H/D,,grishtr01
255,Vaughn Grissom,23,BOS,AL,-0.2,31,114,105,10,20,3,0,0,6,2,0,7,24,.190,.246,.219,.465,31,.234,35,23,3,1,0,1,0,4/DH,,grissva01
256,Robbie Grossman#,34,3TM,AL,-0.3,87,245,208,21,44,8,0,3,16,3,0,34,58,.212,.322,.293,.616,79,.291,84,61,8,1,0,2,0,DH79,,grossro01
257,Vladimir Guerrero Jr.,25,TOR,AL,6.2,159,697,616,98,199,44,1,30,103,2,2,72,96,.323,.396,.544,.940,167,.399,165,335,16,5,0,4,12,*3D5/H,ASMVP-6SS,guerrvl02
258,Luis Guillorme*,29,3TM,2LG,0.3,77,187,161,14,33,9,1,0,10,4,2,23,36,.205,.301,.273,.574,64,.268,65,44,7,0,1,2,0,45H/61D,,guilllu01
259,Lourdes Gurriel Jr.,30,ARI,NL,2.0,133,553,513,72,143,22,2,18,75,7,1,29,101,.279,.322,.435,.757,109,.329,106,223,16,6,0,5,1,*7H/D3,,gurrilo01
260,Yuli Gurriel,40,KCR,AL,0.1,18,65,54,7,13,3,0,0,6,1,0,9,15,.241,.338,.296,.635,82,.289,78,16,1,0,0,2,0,3/DH,,gourryu01
261,Eric Haase,31,MIL,NL,0.4,30,69,66,10,18,1,0,5,14,0,0,3,28,.273,.304,.515,.819,123,.359,128,34,0,0,0,0,0,2/HD,,haaseer01
262,Josh Hader*,30,HOU,AL,0.0,3,0,0,0,0,0,0,0,0,0,0,0,0,,,,,,,,0,0,0,0,0,0,1,,haderjo01
263,Sam Haggerty#,30,SEA,AL,-0.3,8,16,15,1,1,0,0,0,1,1,0,1,4,.067,.125,.067,.192,-40,.114,-43,1,0,0,0,0,0,/7H9D,,haggesa01
264,Seth Halvorsen,24,COL,NL,0.0,1,0,0,0,0,0,0,0,0,0,0,0,0,,,,,,,,0,0,0,0,0,0,1,,halvose01
265,David Hamilton*,26,BOS,AL,2.6,98,317,294,47,73,17,1,8,28,33,4,22,80,.248,.303,.395,.697,92,.331,95,116,1,1,0,0,0,64H,,hamilda03
266,Garrett Hampson,29,KCR,AL,0.4,113,231,213,16,49,13,1,0,16,7,2,14,59,.230,.275,.300,.576,63,.259,56,64,3,0,2,2,0,8H74/36951,,hampsga01
267,Mitch Haniger,33,SEA,AL,-0.2,121,423,380,42,79,12,0,12,44,0,0,40,126,.208,.286,.334,.620,85,.281,87,127,10,2,0,1,0,9DH,,hanigmi01
268,Ian Happ#,29,CHC,NL,3.9,153,657,569,89,138,34,2,25,86,13,2,80,168,.243,.341,.441,.782,119,.345,121,251,7,6,0,2,1,*7/DH,GG,happia01
269,Bryce Harper*,31,PHI,NL,4.8,145,631,550,85,157,42,0,30,87,7,4,76,138,.285,.373,.525,.898,149,.381,148,289,18,2,1,2,11,*3/D,ASMVP-6SS,harpebr03
270,Brett Harris,26,OAK,AL,-0.5,36,123,103,15,15,3,0,3,12,0,3,17,25,.146,.276,.262,.539,59,.253,71,27,3,2,0,1,0,5/H,,harribr02
271,Dustin Harris*,24,TEX,AL,0.2,2,7,6,1,2,1,0,1,3,0,0,1,2,.333,.429,1.000,1.429,296,.568,285,6,0,0,0,0,0,/D,,harridu01
272,Michael Harris II*,23,ATL,NL,3.2,110,470,440,58,116,14,3,16,48,10,6,23,94,.264,.304,.418,.722,98,.320,102,184,6,4,0,3,1,*8,,harrimi04
273,Hunter Harvey,29,KCR,AL,0.0,1,0,0,0,0,0,0,0,0,0,0,0,0,,,,,,,,0,0,0,0,0,0,/1,,harvehu01
274,Ke'Bryan Hayes,27,PIT,NL,0.8,96,396,365,38,85,9,0,4,25,11,2,23,75,.233,.283,.290,.573,61,.267,60,106,12,4,0,4,1,5/H,,hayeske01
275,Austin Hays,28,2TM,2LG,-0.1,85,255,235,26,60,18,0,5,20,2,2,9,59,.255,.303,.396,.699,100,.306,101,93,2,8,1,2,1,7H/9D,,haysau01
276,Jonathan Heasley,27,BAL,AL,0.0,1,0,0,0,0,0,0,0,0,0,0,0,0,,,,,,,,0,0,0,0,0,0,/1,,heasljo01
277,Austin Hedges,31,CLE,AL,-0.6,66,146,132,12,20,3,0,2,15,2,0,6,50,.152,.203,.220,.422,20,.199,14,29,2,3,3,2,0,2/1,,hedgeau01
278,Jonah Heim#,29,TEX,AL,1.1,131,491,459,45,101,12,1,13,59,1,1,26,90,.220,.267,.336,.602,73,.268,71,154,13,4,0,2,0,*2DH,,heimjo01
279,Tyler Heineman#,33,2TM,AL,0.2,7,16,12,2,1,0,0,0,0,0,0,3,6,.083,.313,.083,.396,22,.223,35,1,0,1,0,0,0,/21D,,heinety01
280,Michael Helman,28,MIN,AL,0.1,9,10,10,2,3,2,0,0,0,0,0,0,3,.300,.300,.500,.800,120,.329,109,5,0,0,0,0,0,/8H759,,helmami01
281,Ryan Helsley,29,STL,NL,0.0,2,0,0,0,0,0,0,0,0,0,0,0,0,,,,,,,,0,0,0,0,0,0,1,ASCYA-9,helslry01
282,Gunnar Henderson*,23,BAL,AL,9.1,159,719,630,118,177,31,7,37,92,21,4,78,159,.281,.364,.529,.893,158,.385,157,333,2,7,0,4,1,*6/D,ASMVP-4,hendegu01
283,David Hensley,28,MIA,NL,-0.4,23,58,52,9,11,1,0,1,4,1,0,6,17,.212,.293,.288,.582,59,.262,51,15,0,0,0,0,0,9/H37D15,,henslda01
284,Kevin Herget*,33,MIL,NL,0.0,1,0,0,0,0,0,0,0,0,0,0,0,0,,,,,,,,0,0,0,0,0,0,/1,,hergeke01
285,Darell Hernaiz,22,OAK,AL,-0.8,48,135,120,8,23,3,0,1,12,1,1,11,27,.192,.261,.242,.503,48,.235,51,29,4,1,1,2,0,56/H4,,hernada04
286,Jonathan Hernández,27,TEX,AL,0.0,1,0,0,0,0,0,0,0,0,0,0,0,0,,,,,,,,0,0,0,0,0,0,1,,hernajo02
287,Kiké Hernández,32,LAD,NL,1.3,126,393,362,44,83,16,0,12,42,0,0,27,77,.229,.281,.373,.654,84,.294,88,135,13,0,1,3,0,5H3784/61D,,hernaen02
288,Teoscar Hernández,31,LAD,NL,4.3,154,652,589,84,160,32,2,33,99,12,3,53,188,.272,.339,.501,.840,136,.368,141,295,7,8,0,1,3,*79,ASMVP-19SS,hernate01
289,Iván Herrera,24,STL,NL,1.7,72,259,229,37,69,12,1,5,27,5,0,25,53,.301,.372,.428,.800,125,.362,129,98,3,2,0,2,0,2D/H,,herreiv01
290,José Herrera#,27,ARI,NL,-0.2,42,114,97,11,22,4,1,1,13,0,0,9,27,.227,.290,.320,.609,70,.272,64,31,1,0,7,1,0,2/H5D,,herrejo04
291,Jason Heyward*,34,2TM,2LG,1.2,87,258,228,33,48,12,2,10,37,5,0,22,53,.211,.288,.412,.700,97,.304,92,94,3,4,0,3,2,9H/78,,heywaja01
292,Brewer Hicklen,28,MIL,NL,-0.2,3,5,5,0,0,0,0,0,0,1,0,0,4,.000,.000,.000,.000,-100,.049,-130,0,0,0,0,0,0,/9H,,hicklbr01
293,Aaron Hicks#,34,LAA,AL,-0.7,18,63,57,6,8,0,0,1,5,0,0,6,23,.140,.222,.193,.415,19,.196,15,11,1,0,0,0,0,/9DH781,,hicksaa01
294,Kyle Higashioka,34,SDP,NL,1.4,84,263,246,29,54,10,1,17,45,2,0,15,74,.220,.263,.476,.739,101,.324,103,117,3,0,1,1,0,2/H,,higasky01
295,Derek Hill,28,3TM,2LG,0.0,53,172,162,19,39,4,2,7,25,6,2,5,56,.241,.271,.420,.690,87,.317,95,68,2,2,2,1,0,87H/9D,,hillde01
296,Sam Hilliard*,30,COL,NL,0.5,58,158,138,26,33,5,1,10,27,5,2,14,56,.239,.305,.507,.812,114,.347,113,70,3,0,4,2,1,789/HD,,hillisa01
297,Rece Hinds,23,CIN,NL,0.7,24,51,46,9,12,4,1,5,11,2,0,4,16,.261,.333,.717,1.051,176,.435,173,33,0,1,0,0,0,9/H78D,,hindsre01
298,Keston Hiura,27,LAA,AL,-0.6,10,27,27,1,4,0,0,0,1,0,1,0,10,.148,.148,.148,.296,-16,.110,-33,4,0,0,0,0,0,/4DH,,hiurake01
299,Porter Hodge,23,CHC,NL,0.0,1,0,0,0,0,0,0,0,0,0,0,0,0,,,,,,,,0,0,0,0,0,0,1,,hodgepo01
300,Nico Hoerner,27,CHC,NL,3.7,151,641,582,86,159,35,1,7,48,31,6,44,66,.273,.335,.373,.708,100,.327,105,217,8,12,0,3,1,*46/H,,hoernni01
301,Jackson Holliday*,20,BAL,AL,0.1,60,208,190,28,36,4,2,5,23,4,0,15,69,.189,.255,.311,.565,65,.265,70,59,1,2,0,1,0,4/H6D,,hollija01
302,Spencer Horwitz*,26,TOR,AL,1.2,97,381,328,46,87,19,0,12,40,0,0,42,70,.265,.357,.433,.790,126,.346,125,142,8,7,0,4,2,34DH,,horwisp01
303,Rhys Hoskins,31,MIL,NL,-0.2,131,517,449,59,96,14,0,26,82,3,0,53,149,.214,.303,.419,.722,99,.314,95,188,11,7,0,6,1,3D/H,,hoskirh01
304,Spencer Howard,27,CLE,AL,0.0,1,0,0,0,0,0,0,0,0,0,0,0,0,,,,,,,,0,0,0,0,0,0,/1,,howarsp01
305,Joe Hudson,33,NYM,NL,0.0,1,0,0,0,0,0,0,0,0,0,0,0,0,,,,,,,,0,0,0,0,0,0,/2,,hudsojo03
306,Sam Huff,26,TEX,AL,0.0,3,4,3,0,0,0,0,0,0,0,0,1,2,.000,.250,.000,.250,-18,.172,0,0,0,0,0,0,0,/2H,,huffsa01
307,Cooper Hummel#,29,HOU,AL,-0.1,6,8,8,0,0,0,0,0,0,1,0,0,2,.000,.000,.000,.000,-100,.143,-42,0,1,0,0,0,0,/H7D,,hummeco01
308,Jacob Hurtubise*,26,CIN,NL,-0.1,29,68,54,7,10,1,1,0,4,2,0,6,18,.185,.297,.241,.538,50,.275,55,13,0,3,4,1,0,7/HD9,,hurtuja01
309,Andy Ibáñez,31,DET,AL,1.4,99,244,224,30,54,9,1,5,32,2,3,15,63,.241,.295,.357,.652,85,.289,86,80,2,3,0,2,0,H453/7D6,,ibanean01
310,Jose Iglesias,34,NYM,NL,3.1,85,291,270,39,91,16,1,4,26,6,2,12,39,.337,.381,.448,.830,136,.361,136,121,4,8,0,1,1,45/H6,,iglesjo01
311,Jonathan India,27,CIN,NL,1.7,151,637,533,84,132,28,2,15,58,13,2,80,125,.248,.357,.392,.750,105,.340,108,209,16,15,2,7,0,*4D/H,,indiajo01
312,Kyle Isbel*,27,KCR,AL,1.8,136,426,384,62,88,13,8,8,42,11,2,27,88,.229,.287,.367,.654,84,.296,82,141,4,5,8,2,0,*8H,,isbelky01
313,Alex Jackson,28,TBR,AL,-0.4,58,155,139,17,17,7,0,3,12,1,0,12,53,.122,.201,.237,.439,25,.213,29,33,2,2,1,1,0,2/H,,jacksal02
314,Travis Jankowski*,33,TEX,AL,0.3,104,207,190,19,38,5,0,1,12,11,1,12,44,.200,.266,.242,.508,49,.256,54,46,3,5,0,0,0,9H7D8,,jankotr01
315,Danny Jansen,29,2TM,AL,0.7,92,324,278,35,57,13,0,9,24,0,0,40,61,.205,.309,.349,.658,87,.302,91,97,4,3,0,3,0,2H/D,,janseda01
316,Kenley Jansen#,36,BOS,AL,0.0,1,0,0,0,0,0,0,0,0,0,0,0,0,,,,,,,,0,0,0,0,0,0,1,,janseke01
317,Bryce Jarvis*,26,ARI,NL,0.0,2,0,0,0,0,0,0,0,0,0,0,0,0,,,,,,,,0,0,0,0,0,0,1,,jarvibr01
318,Ryan Jeffers,27,MIN,AL,2.1,122,465,412,56,93,22,0,21,64,3,0,32,94,.226,.300,.432,.732,103,.322,103,178,9,14,1,6,0,2DH,,jeffery01
319,Eloy Jiménez,27,2TM,AL,-0.7,98,349,324,25,77,14,0,6,23,3,0,22,70,.238,.289,.336,.626,81,.282,80,109,13,2,0,1,1,DH/9,,jimenel02
320,Leo Jiménez,23,TOR,AL,0.9,63,210,179,18,41,11,0,4,19,0,0,12,59,.229,.329,.358,.686,98,.310,99,64,6,16,0,3,0,64/HD,,jimenle01
321,Connor Joe,31,PIT,NL,0.6,123,416,364,49,83,22,1,9,36,2,2,44,91,.228,.320,.368,.688,92,.306,92,134,7,6,0,2,1,39H/7D,,joeco01
322,Bryce Johnson#,28,SDP,NL,-0.3,47,73,63,9,13,2,0,0,4,1,1,7,12,.206,.286,.238,.524,50,.237,43,15,1,0,3,0,0,9H/78D,,johnsbr03
323,Daniel Johnson*,28,BAL,AL,0.0,1,1,1,1,0,0,0,0,0,0,0,0,0,.000,.000,.000,.000,-100,.000,-127,0,0,0,0,0,0,/9H,,johnsda07
324,Greg Jones#,26,COL,NL,0.1,6,6,5,1,1,0,0,1,1,0,0,1,4,.200,.333,.800,1.133,193,.451,188,4,0,0,0,0,0,/9H,,jonesgr02
325,Jahmai Jones,26,NYY,AL,0.0,33,47,42,8,10,1,1,1,4,1,1,2,16,.238,.304,.381,.685,93,.293,89,16,0,2,1,0,0,H/9D745,,jonesja08
326,Nolan Jones*,26,COL,NL,-0.7,79,297,256,28,58,13,1,3,28,5,4,36,91,.227,.321,.320,.641,75,.289,73,82,7,1,1,3,2,7/DH,,jonesno01
327,Levi Jordan,28,CIN,NL,-0.2,7,11,10,1,1,1,0,0,1,0,0,0,3,.100,.091,.200,.291,-24,.113,-53,2,0,0,0,1,0,/7H94,,jordale01
328,Aaron Judge,32,NYY,AL,10.8,158,704,559,122,180,36,1,58,144,10,0,133,171,.322,.458,.701,1.159,223,.484,223,392,22,9,0,2,20,*8D/97,ASMVP-1SS,judgeaa01
329,Edouard Julien*,25,MIN,AL,-0.2,94,301,266,36,53,9,0,8,21,6,0,33,102,.199,.292,.323,.616,74,.288,76,86,2,2,0,0,0,4H/D3,,julieed01
330,Corey Julks,28,CHW,AL,-1.1,66,189,173,17,37,7,0,3,14,5,2,15,50,.214,.275,.306,.581,67,.261,64,53,6,0,0,1,0,97H/D8,,julksco01
331,Jace Jung*,23,DET,AL,-0.5,34,94,79,14,19,5,0,0,3,0,1,15,29,.241,.362,.304,.665,93,.304,97,24,3,0,0,0,0,5H/D4,,jungja01
332,Josh Jung,26,TEX,AL,0.6,46,188,178,19,47,5,1,7,16,4,0,8,48,.264,.298,.421,.719,105,.319,103,75,1,1,0,1,0,5/D,,jungjo01
333,Niko Kavadas*,25,LAA,AL,-0.2,30,106,93,11,17,2,0,4,8,1,0,11,41,.183,.283,.333,.616,74,.280,74,31,0,2,0,0,0,D/3H,,kavadni01
334,DaShawn Keirsey Jr.*,27,MIN,AL,0.0,6,14,13,1,2,0,0,1,1,0,0,0,1,.154,.214,.385,.599,64,.254,55,5,0,1,0,0,0,/87,,keirsda01
335,Colt Keith*,22,DET,AL,1.1,148,556,516,54,134,15,4,13,61,7,1,36,110,.260,.309,.380,.689,96,.308,95,196,4,2,0,2,2,*4DH,,keithco01
336,Jarred Kelenic*,24,ATL,NL,0.4,131,449,412,49,95,18,2,15,45,7,2,32,133,.231,.286,.393,.679,86,.301,86,162,5,1,1,3,1,*78H/9,,kelenja01
337,Carson Kelly,29,2TM,AL,0.5,91,313,281,32,67,9,1,9,37,0,0,25,55,.238,.313,.374,.687,96,.305,95,105,6,6,0,1,0,2/DH,,kellyca02
338,Tony Kemp*,32,BAL,AL,-0.2,5,10,9,1,0,0,0,0,0,0,0,1,1,.000,.100,.000,.100,-67,.069,-67,0,0,0,0,0,0,/4H7,,kempto01
339,Buddy Kennedy,25,2TM,2LG,0.2,14,26,21,3,4,1,0,1,6,1,0,4,7,.190,.308,.381,.689,94,.311,90,8,0,0,0,1,0,/H45D,,kennebu01
340,Max Kepler*,31,MIN,AL,1.0,105,399,368,43,93,21,1,8,42,1,0,22,80,.253,.302,.380,.682,91,.315,98,140,3,5,0,3,0,9H/D,,keplema01
341,Grae Kessinger,26,HOU,AL,-0.4,22,25,21,4,0,0,0,0,0,0,0,3,7,.000,.160,.000,.160,-48,.111,-42,0,1,1,0,0,0,/H546D13,,kessigr01
342,Kevin Kiermaier*,34,2TM,2LG,1.0,116,281,259,31,51,9,3,5,26,6,2,12,86,.197,.237,.313,.550,56,.253,56,81,4,2,7,1,0,*8H/9D,,kiermke01
343,Ha-Seong Kim,28,SDP,NL,2.6,121,470,403,60,94,16,3,11,47,22,5,58,77,.233,.330,.370,.700,96,.318,96,149,8,2,4,3,4,*6/H,,kimha01
344,Craig Kimbrel,36,BAL,AL,0.0,1,0,0,0,0,0,0,0,0,0,0,0,0,,,,,,,,0,0,0,0,0,0,1,,kimbrcr01
345,Isiah Kiner-Falefa,29,2TM,2LG,3.6,133,496,465,53,125,18,4,8,43,11,2,16,78,.269,.306,.376,.683,93,.308,93,175,12,10,3,2,0,456/H18,,kineris01
346,Bryan King,27,HOU,AL,0.0,1,0,0,0,0,0,0,0,0,0,0,0,0,,,,,,,,0,0,0,0,0,0,1,,kingbr02
347,John King*,29,STL,NL,0.0,1,0,0,0,0,0,0,0,0,0,0,0,0,,,,,,,,0,0,0,0,0,0,1,,kingjo01
348,Tyler Kinley,33,COL,NL,0.0,2,0,0,0,0,0,0,0,0,0,0,0,0,,,,,,,,0,0,0,0,0,0,1,,kinlety01
349,Alex Kirilloff*,26,MIN,AL,-0.6,57,178,159,20,32,8,3,5,20,0,0,15,47,.201,.270,.384,.653,81,.287,79,61,5,1,0,3,0,7D3/H9,,kirilal01
350,Alejandro Kirk,25,TOR,AL,2.0,103,386,340,23,86,19,1,5,54,0,0,35,51,.253,.319,.359,.677,95,.303,94,122,11,2,0,9,1,2/HD,,kirkal01
351,Andrew Kittredge,34,STL,NL,0.0,1,0,0,0,0,0,0,0,0,0,0,0,0,,,,,,,,0,0,0,0,0,0,1,,kittran01
352,Heston Kjerstad*,25,BAL,AL,0.4,39,114,99,8,25,2,0,4,14,1,0,10,33,.253,.351,.394,.745,118,.336,123,39,0,5,0,0,2,D7H/9,,kjershe01
353,Andrew Knapp#,32,SFG,NL,-0.1,3,6,6,0,1,0,0,0,0,0,0,0,2,.167,.167,.167,.333,-3,.133,-25,1,0,0,0,0,0,/2,,knappan01
354,Andrew Knizner,29,TEX,AL,-0.9,35,93,90,5,15,1,0,1,9,0,0,1,22,.167,.183,.211,.394,14,.183,9,19,2,1,0,1,0,2/1D,,kniznan01
355,Grant Koch,27,PIT,NL,-0.1,3,8,7,1,0,0,0,0,0,0,0,1,6,.000,.125,.000,.125,-61,.086,-69,0,0,0,0,0,0,/2H,,kochgr01
356,Matt Koch*,33,COL,NL,0.0,1,0,0,0,0,0,0,0,0,0,0,0,0,,,,,,,,0,0,0,0,0,0,/1,,kochma01
357,Michael Kopech,28,CHW,AL,0.0,1,0,0,0,0,0,0,0,0,0,0,0,0,,,,,,,,0,0,0,0,0,0,1,,kopecmi01
358,Ryan Kreidler,26,DET,AL,-0.5,35,65,59,9,7,0,0,1,2,5,3,6,19,.119,.200,.169,.369,7,.170,1,10,2,0,0,0,0,6/5H78D,,kreidry01
359,Steven Kwan*,26,CLE,AL,4.0,122,540,480,83,140,16,3,14,44,12,5,53,51,.292,.368,.425,.793,125,.352,128,204,5,5,2,0,0,*7/DH,ASGG,kwanst01
360,Peter Lambert,27,COL,NL,0.0,1,0,0,0,0,0,0,0,0,0,0,0,0,,,,,,,,0,0,0,0,0,0,1,,lambepe01
361,Shea Langeliers,26,OAK,AL,2.9,137,534,482,58,108,18,2,29,80,4,2,41,145,.224,.288,.450,.739,111,.321,111,217,15,5,0,6,2,*2/HD,,langesh01
362,Wyatt Langford,22,TEX,AL,3.9,134,557,499,74,126,25,4,16,74,19,3,51,115,.253,.325,.415,.740,112,.329,110,207,6,4,0,3,3,*7D8,ROY-7,langfwy01
363,Trevor Larnach*,27,MIN,AL,1.3,112,400,355,59,92,17,0,15,52,4,1,40,89,.259,.338,.434,.771,116,.341,117,154,12,3,0,2,1,7D9H,,larnatr01
364,Jacob Latz,28,TEX,AL,0.0,1,0,0,0,0,0,0,0,0,0,0,0,0,,,,,,,,0,0,0,0,0,0,1,,latzja01
365,Ramón Laureano,29,2TM,2LG,1.3,98,309,286,35,74,16,1,11,33,8,3,15,96,.259,.311,.437,.748,106,.337,114,125,5,7,0,1,0,97H8,,laurera01
366,Derek Law,33,WSN,NL,0.0,1,0,0,0,0,0,0,0,0,0,0,0,0,,,,,,,,0,0,0,0,0,0,1,,lawde01
367,Justin Lawrence,29,COL,NL,0.0,2,0,0,0,0,0,0,0,0,0,0,0,0,,,,,,,,0,0,0,0,0,0,1,,lawreju01
368,Kyle Leahy#,27,STL,NL,0.0,1,0,0,0,0,0,0,0,0,0,0,0,0,,,,,,,,0,0,0,0,0,0,1,,leahyky01
369,Charles Leblanc,28,LAA,AL,0.1,11,28,21,6,4,0,0,2,6,0,0,7,9,.190,.393,.476,.869,145,.378,145,10,0,0,0,0,0,/543D,,leblach01
370,José Leclerc,30,TEX,AL,0.0,1,0,0,0,0,0,0,0,0,0,0,0,0,,,,,,,,0,0,0,0,0,0,1,,leclejo01
371,Brooks Lee#,23,MIN,AL,-0.2,50,185,172,9,38,6,1,3,27,3,0,11,27,.221,.265,.320,.585,64,.256,53,55,6,0,0,2,2,654/HD,,leebr02
372,Jung Hoo Lee*,25,SFG,NL,0.1,37,158,145,15,38,4,0,2,8,2,3,10,13,.262,.310,.331,.641,85,.287,91,48,2,1,0,2,0,8,,leeju01
373,Korey Lee,25,CHW,AL,0.1,125,394,377,36,79,14,1,12,37,6,3,17,122,.210,.244,.347,.591,68,.264,68,131,12,0,0,0,0,*2H/D,,leeko01
374,DJ LeMahieu,35,NYY,AL,-1.6,67,228,201,19,41,5,0,2,26,0,1,19,35,.204,.269,.259,.527,51,.244,51,52,13,1,1,6,0,35/H,,lemahdj01
375,Pedro León,26,HOU,AL,-0.3,7,21,20,2,2,0,0,0,0,2,0,1,10,.100,.143,.100,.243,-28,.141,-38,2,2,0,0,0,0,/9H,,leonpe01
376,Royce Lewis,25,MIN,AL,0.7,82,325,292,40,68,16,0,16,47,0,0,28,74,.233,.295,.452,.747,107,.315,99,132,5,0,0,5,2,5D/H4,,lewisro02
377,Francisco Lindor#,30,NYM,NL,6.9,152,689,618,107,169,39,1,33,91,29,4,56,127,.273,.344,.500,.844,137,.373,141,309,7,12,0,3,0,*6/DH,MVP-2SS,lindofr01
378,Trey Lipscomb,24,WSN,NL,-0.1,61,211,190,20,38,3,0,1,10,11,2,16,40,.200,.268,.232,.500,45,.248,48,44,7,2,1,1,0,5/3H4D,,lipsctr01
379,Tyler Locklear,23,SEA,AL,-0.3,16,49,45,3,7,1,0,2,3,1,0,3,20,.156,.224,.311,.536,58,.241,55,14,3,1,0,0,0,3/H,,locklty01
380,Brandon Lockridge,27,SDP,NL,0.0,12,12,12,4,2,0,0,1,1,2,0,0,4,.167,.167,.417,.583,56,.275,42,5,0,0,0,0,0,/7H9D8,,lockrbr01
381,Nick Loftin,25,KCR,AL,0.2,56,171,148,15,28,4,0,1,14,1,0,19,24,.189,.282,.236,.519,49,.258,56,35,4,1,1,2,0,45H/3D71,,loftini01
382,Joey Loperfido*,25,2TM,AL,0.5,81,262,243,24,52,13,4,4,25,4,2,13,95,.214,.264,.350,.614,75,.275,74,85,3,4,1,1,0,789/H3D,,loperjo01
383,Jack López,31,LAA,AL,0.0,27,71,67,4,17,3,0,1,6,0,1,2,25,.254,.286,.343,.629,77,.289,87,23,2,1,1,0,0,4/6H9,,lopezja03
384,Jorge López,31,NYM,NL,0.0,1,0,0,0,0,0,0,0,0,0,0,0,0,,,,,,,,0,0,0,0,0,0,1,,lopezjo02
385,Nicky Lopez*,29,CHW,AL,0.2,124,445,398,40,96,12,3,1,21,5,7,37,67,.241,.312,.294,.606,76,.282,83,117,3,4,6,0,0,46/H,,lopezni01
386,Otto López,25,MIA,NL,2.6,117,434,403,49,109,23,1,6,39,20,4,25,75,.270,.313,.377,.690,87,.320,91,152,13,1,2,2,0,4/6H578,,lopezot01
387,Brandon Lowe*,29,TBR,AL,2.4,107,425,385,56,94,19,3,21,58,5,1,33,112,.244,.311,.473,.783,120,.339,120,182,7,5,0,2,2,4D3H,,lowebr01
388,Josh Lowe*,26,TBR,AL,0.7,106,387,353,37,85,19,2,10,34,25,1,32,123,.241,.302,.391,.693,97,.315,93,138,2,0,0,2,4,97/HD8,,lowejo01
389,Nathaniel Lowe*,28,TEX,AL,2.7,140,565,486,62,129,16,1,16,69,2,0,71,125,.265,.361,.401,.762,121,.342,122,195,9,4,0,4,1,*3/HD,,lowena01
390,Marco Luciano,22,SFG,NL,-0.4,27,81,76,10,16,5,1,0,3,0,1,5,28,.211,.259,.303,.562,61,.275,82,23,1,0,0,0,0,/46DH,,luciama01
391,Nathan Lukes*,29,TOR,AL,1.2,22,91,76,13,23,4,2,1,10,1,0,10,9,.303,.371,.447,.818,134,.355,130,34,1,0,2,3,0,7/98HD,,lukesna01
392,Gavin Lux*,26,LAD,NL,2.1,139,487,439,59,110,24,2,10,50,5,2,44,110,.251,.320,.383,.703,100,.314,103,168,8,2,0,2,0,*4H/6,,luxga01
393,Manny Machado,31,SDP,NL,3.1,152,643,593,77,163,30,0,29,105,11,2,45,124,.275,.325,.472,.797,120,.344,118,280,25,1,0,4,6,5D/H,MVP-16SS,machama01
394,Nick Madrigal,27,CHC,NL,-0.4,51,94,86,5,19,3,0,0,10,1,0,4,10,.221,.280,.256,.535,53,.246,50,22,2,3,1,0,0,54/HD,,madrini01
395,Bligh Madris*,28,DET,AL,0.2,21,75,67,8,18,3,0,1,5,0,0,6,20,.269,.324,.358,.683,95,.298,89,24,0,0,0,1,0,3/9H,,madribl01
396,Luke Maile,33,CIN,NL,-0.4,53,154,135,8,24,4,0,2,8,2,0,13,52,.178,.268,.252,.520,44,.250,43,34,4,4,1,1,0,2/1HD,,mailelu01
397,Martín Maldonado,37,CHW,AL,-1.3,48,147,135,9,16,3,0,4,11,0,0,8,51,.119,.174,.230,.403,15,.180,5,31,5,1,3,0,0,2,,maldoma01
398,Justyn-Henry Malloy,24,DET,AL,-0.4,71,230,202,18,41,7,1,8,21,1,1,23,85,.203,.291,.366,.658,86,.289,84,74,2,3,0,2,0,D7H/9,,malloju02
399,Joe Mantiply,33,ARI,NL,0.0,1,0,0,0,0,0,0,0,0,0,0,0,0,,,,,,,,0,0,0,0,0,0,1,,mantijo01
400,Kyle Manzardo*,23,CLE,AL,0.0,53,156,145,11,34,12,0,5,15,0,0,9,41,.234,.282,.421,.703,96,.307,96,61,3,1,0,1,0,DH/3,,manzaky01
401,Rafael Marchán#,25,PHI,NL,0.7,17,56,51,8,15,4,0,3,6,0,0,3,8,.294,.345,.549,.894,147,.379,147,28,1,1,1,0,0,2,,marchra01
402,Manuel Margot,29,MIN,AL,-0.9,129,343,315,37,75,17,1,4,31,5,0,21,54,.238,.289,.337,.626,76,.281,72,106,10,3,1,3,0,*79H8/D,,margoma01
403,Cade Marlowe*,27,SEA,AL,0.0,8,9,8,1,2,0,0,0,0,0,0,1,1,.250,.333,.250,.583,78,.275,82,2,1,0,0,0,0,/98HD,,marloca01
404,Brandon Marsh*,26,PHI,NL,3.1,135,476,418,55,104,17,3,16,60,19,3,50,154,.249,.328,.419,.747,109,.338,111,175,2,2,1,5,0,*78H/9,,marshbr02
405,Ketel Marte#,30,ARI,NL,6.8,136,583,504,93,147,23,2,36,95,7,1,65,106,.292,.372,.560,.932,155,.396,155,282,9,5,0,9,7,*4D/H6,ASMVP-3SS,marteke01
406,Noelvi Marté,22,CIN,NL,-1.8,66,242,229,24,48,9,0,4,18,9,3,9,75,.210,.248,.301,.549,49,.244,40,69,1,3,0,1,0,5D/H4,,marteno01
407,Starling Marte,35,NYM,NL,0.7,94,370,335,46,90,13,3,7,40,16,1,27,81,.269,.327,.388,.715,103,.328,107,130,8,3,3,2,1,9/DH,,martest01
408,Austin Martin,25,MIN,AL,-1.0,93,257,233,41,59,18,1,1,16,7,3,20,47,.253,.318,.352,.670,89,.299,87,82,4,2,2,0,0,78H4/D,,martiau01
409,Chris Martin,38,BOS,AL,0.0,2,0,0,0,0,0,0,0,0,0,0,0,0,,,,,,,,0,0,0,0,0,0,1,,martich02
410,Ángel Martínez#,22,CLE,AL,0.1,43,169,151,16,35,7,0,3,11,3,1,15,33,.232,.298,.338,.635,80,.286,80,51,2,0,1,2,0,87/9H5D4,,martian02
411,J.D. Martinez,36,NYM,NL,0.5,120,495,434,46,102,24,1,16,69,0,0,49,141,.235,.320,.406,.725,105,.321,108,176,17,6,0,2,0,*D/H,,martijd02
412,J.P. Martínez*,28,ATL,NL,0.0,7,10,10,2,2,1,0,0,0,1,0,0,4,.200,.200,.300,.500,37,.328,89,3,0,0,0,0,0,/H798D,,martijp01
413,Justin Martínez,22,ARI,NL,0.0,2,0,0,0,0,0,0,0,0,0,0,0,0,,,,,,,,0,0,0,0,0,0,1,,martiju01
414,Orelvis Martínez,22,TOR,AL,0.0,1,3,3,0,1,0,0,0,0,0,0,0,1,.333,.333,.333,.667,93,.298,91,1,0,0,0,0,0,/4,,martior01
415,Nick Martini*,34,CIN,NL,-0.4,52,163,146,23,31,4,2,5,24,1,3,9,38,.212,.272,.370,.641,73,.293,82,54,1,4,0,3,0,D9/7H,,martini02
416,Michael Massey*,26,KCR,AL,1.6,100,356,332,45,86,17,2,14,45,1,0,15,56,.259,.294,.449,.743,106,.328,108,149,9,3,2,4,1,4HD,,massemi02
417,Miles Mastrobuoni*,28,CHC,NL,-0.2,50,106,98,9,19,3,0,0,4,2,0,7,17,.194,.245,.224,.470,34,.220,29,22,1,0,0,1,0,H546/97D,,mastrmi01
418,Jorge Mateo,29,BAL,AL,0.9,68,208,192,30,44,14,2,5,18,13,2,10,48,.229,.267,.401,.668,92,.294,87,77,3,1,2,3,0,4/6H8D,,mateojo01
419,Nick Maton*,27,BAL,AL,-0.1,5,5,5,0,0,0,0,0,0,0,0,0,2,.000,.000,.000,.000,-100,.000,-116,0,0,0,0,0,0,/5H4D,,matonni01
420,Luis Matos,22,SFG,NL,-0.2,45,156,150,14,32,5,0,5,25,0,0,5,24,.213,.237,.347,.584,65,.269,73,52,5,0,0,1,1,98/H7D,,matoslu02
421,Coby Mayo,22,BAL,AL,-0.7,17,46,41,4,4,0,0,0,0,0,0,4,22,.098,.196,.098,.293,-10,.153,-7,4,1,1,0,0,0,5/H3,,mayoco01
422,James McArthur,27,KCR,AL,0.0,2,0,0,0,0,0,0,0,0,0,0,0,0,,,,,,,,0,0,0,0,0,0,1,,mcartja01
423,James McCann,34,BAL,AL,0.8,65,233,214,27,50,9,0,8,31,1,0,13,56,.234,.279,.388,.667,93,.293,93,83,3,2,0,4,0,2/1,,mccanja02
424,Kyle McCann*,26,OAK,AL,0.2,54,157,140,13,33,4,0,5,15,0,0,16,59,.236,.318,.371,.690,101,.305,100,52,2,1,0,0,1,2/HD,,mccanky01
425,Jake McCarthy*,26,ARI,NL,1.7,142,495,442,66,126,13,7,8,56,25,6,31,78,.285,.349,.400,.749,109,.335,107,177,4,14,5,3,1,*987H/D,,mccarja02
426,Chas McCormick,29,HOU,AL,-0.6,94,267,242,32,51,6,1,5,27,8,2,17,72,.211,.271,.306,.576,67,.274,71,74,3,4,1,3,0,798/H,,mccorch01
427,Mason McCoy,29,SDP,NL,-0.1,19,57,49,7,10,2,0,0,3,1,0,5,19,.204,.278,.245,.523,49,.240,38,12,2,0,3,0,0,6,,mccoyma01
428,Grant McCray*,23,SFG,NL,0.0,37,130,124,13,25,3,2,5,10,5,0,6,56,.202,.238,.379,.617,74,.285,78,47,3,0,0,0,0,8,,mccragr01
429,Andrew McCutchen,37,PIT,NL,0.8,120,515,448,66,104,18,1,20,50,3,2,58,133,.232,.328,.411,.739,105,.332,110,184,9,7,0,2,1,*D/9H,,mccutan01
430,Scott McGough,34,ARI,NL,0.0,2,1,1,0,0,0,0,0,0,0,0,0,1,.000,.000,.000,.000,-100,.000,-136,0,0,0,0,0,0,1,,mcgousc01
431,Reese McGuire*,29,BOS,AL,0.1,53,158,139,10,29,3,0,3,18,3,0,13,39,.209,.280,.295,.575,61,.269,60,41,4,2,1,3,0,2/HD,,mcguire01
432,Ryan McKenna,27,2TM,2LG,0.1,13,15,14,4,3,0,0,2,2,1,1,1,5,.214,.267,.643,.910,153,.354,147,9,0,0,0,0,0,/9H78,,mckenry01
433,Billy McKinney*,29,PIT,NL,0.0,10,28,25,4,5,1,0,0,2,0,0,2,13,.200,.286,.240,.526,49,.247,48,6,1,1,0,0,0,/79H8,,mckinbi01
434,Zach McKinstry*,29,DET,AL,0.8,118,325,297,32,64,14,5,4,23,16,0,24,69,.215,.277,.337,.614,74,.288,74,100,3,2,0,2,0,65H479/1D,,mckinza01
435,Ryan McMahon*,29,COL,NL,2.5,153,645,567,68,137,28,0,20,65,4,6,69,185,.242,.325,.397,.722,94,.311,90,225,9,3,0,4,4,*5/DH,AS,mcmahry01
436,Jeff McNeil*,32,NYM,NL,1.6,129,472,424,57,101,26,0,12,44,5,1,35,68,.238,.308,.384,.692,96,.308,98,163,6,9,1,3,1,*497/H,,mcneije01
437,Curtis Mead,23,TBR,AL,-0.5,38,132,122,10,29,3,0,1,7,2,0,6,30,.238,.282,.287,.569,64,.259,61,35,2,2,0,1,0,45/DH3,,meadcu01
438,Parker Meadows*,24,DET,AL,2.2,82,298,270,39,66,12,6,9,28,9,4,25,76,.244,.310,.433,.743,109,.324,108,117,0,1,1,1,0,8/H,,meadopa01
439,Nick Mears,27,COL,NL,0.0,1,0,0,0,0,0,0,0,0,0,0,0,0,,,,,,,,0,0,0,0,0,0,1,,mearsni01
440,Trevor Megill*,30,MIL,NL,0.0,1,0,0,0,0,0,0,0,0,0,0,0,0,,,,,,,,0,0,0,0,0,0,1,,megiltr01
441,MJ Melendez*,25,KCR,AL,-0.9,135,451,412,44,85,23,3,17,44,4,4,35,113,.206,.273,.400,.674,88,.290,83,165,3,3,0,0,1,*7H/D93,,melenmj01
442,Danny Mendick,30,CHW,AL,-0.3,47,141,132,13,26,7,0,3,8,6,0,6,35,.197,.243,.318,.561,60,.255,53,42,3,2,1,0,0,54H/1D,,mendida01
443,Joey Meneses,32,WSN,NL,-0.5,76,313,281,19,65,11,0,3,42,2,0,21,63,.231,.291,.302,.593,71,.280,76,85,9,5,0,6,1,3D/H,,menesjo01
444,Whit Merrifield,35,2TM,NL,0.3,95,335,293,44,65,9,3,4,15,17,3,35,52,.222,.311,.314,.625,76,.307,87,92,7,3,4,0,0,475H/D,,merriwh01
445,Jackson Merrill*,21,SDP,NL,4.4,156,593,554,77,162,31,6,24,90,16,3,29,101,.292,.326,.500,.826,127,.357,126,277,2,1,4,5,1,*8/H,ASMVP-9ROY-2SS,merrija01
446,Julian Merryweather,32,CHC,NL,0.0,1,0,0,0,0,0,0,0,0,0,0,0,0,,,,,,,,0,0,0,0,0,0,1,,merryju01
447,Matt Mervis*,26,CHC,NL,-0.4,9,28,26,1,3,1,0,0,3,0,0,1,8,.115,.148,.154,.302,-14,.138,-31,4,0,0,0,0,0,/D13H,,mervima01
448,Jake Meyers,28,HOU,AL,1.7,148,513,461,51,101,20,3,13,61,11,3,35,117,.219,.286,.360,.646,86,.288,83,166,17,10,3,4,0,*8H/7D,,meyerja02
449,Drew Millas#,26,WSN,NL,0.4,20,62,57,7,14,1,0,1,1,4,0,5,16,.246,.306,.316,.622,79,.302,82,18,1,0,0,0,0,2/HD,,milladr01
450,Owen Miller,27,MIL,NL,-0.5,14,27,27,2,5,1,0,0,3,0,0,0,8,.185,.185,.222,.407,13,.175,-5,6,1,0,0,0,0,/3H415D,,milleow01
451,Hoby Milner*,33,MIL,NL,0.0,1,0,0,0,0,0,0,0,0,0,0,0,0,,,,,,,,0,0,0,0,0,0,1,,milneho01
452,José Miranda,26,MIN,AL,1.7,121,429,401,44,114,28,4,9,49,2,2,18,66,.284,.322,.441,.763,112,.333,112,177,13,6,0,4,1,5DH3/6,,miranjo01
453,Kameron Misner*,26,TBR,AL,-0.3,8,15,15,0,1,0,0,0,0,0,0,0,10,.067,.067,.067,.133,-62,.060,-79,1,0,0,0,0,0,/7H8,,misneka01
454,Garrett Mitchell*,25,MIL,NL,2.0,69,224,196,33,50,12,3,8,21,11,4,25,71,.255,.342,.469,.812,124,.354,123,92,1,1,2,0,0,89H/D,,mitchga01
455,Andruw Monasterio,27,MIL,NL,-0.2,59,142,125,14,26,5,0,1,16,6,2,16,40,.208,.303,.272,.575,63,.267,60,34,3,1,0,0,0,54H/3D7,,monasan01
456,Yoán Moncada#,29,CHW,AL,0.3,12,45,40,4,11,3,1,0,0,1,0,5,11,.275,.356,.400,.756,117,.337,116,16,2,0,0,0,0,5/DH,,moncayo01
457,Mickey Moniak*,26,LAA,AL,-0.1,124,418,392,48,86,17,2,14,49,8,4,21,114,.219,.266,.380,.646,80,.283,78,149,3,4,0,1,0,*89H/D7,,moniami01
458,Elehuris Montero,25,COL,NL,-1.7,67,247,224,23,46,10,0,4,28,0,0,20,56,.205,.267,.304,.571,54,.265,54,68,7,0,0,3,0,3D/H,,monteel01
459,Dylan Moore,31,SEA,AL,2.2,135,441,368,53,74,23,4,10,42,32,6,53,123,.201,.320,.367,.687,105,.322,109,135,8,14,1,5,1,6547H3/8,GG,mooredy01
460,Christopher Morel,25,2TM,2LG,-0.6,152,611,535,56,105,11,3,21,60,8,7,61,159,.196,.288,.346,.634,79,.282,80,185,15,10,0,5,3,5D47/H,,morelch01
461,Gabriel Moreno,24,ARI,NL,2.6,97,351,305,39,81,18,1,5,45,3,1,41,52,.266,.353,.380,.734,105,.327,105,116,10,2,0,3,1,2H/5,,morenga01
462,Ryan Mountcastle,27,BAL,AL,2.6,124,507,473,54,128,30,2,13,63,3,0,27,114,.271,.308,.425,.733,112,.323,114,201,13,1,0,6,0,*3H/D,,mountry01
463,Cedric Mullins*,29,BAL,AL,2.6,147,499,444,69,104,16,3,18,54,32,6,41,98,.234,.305,.405,.710,106,.322,107,180,1,5,2,2,0,*8H/D,,mullice01
464,Max Muncy*,33,LAD,NL,3.0,73,293,237,47,55,17,0,15,48,1,0,45,77,.232,.358,.494,.852,140,.361,136,117,1,5,0,6,3,5/H,,muncyma01
465,Sean Murphy,29,ATL,NL,1.3,72,264,233,19,45,5,1,10,25,0,0,27,67,.193,.284,.352,.636,76,.293,81,82,7,3,0,1,1,2/H,,murphse01
466,Tom Murphy,33,SFG,NL,-0.4,13,38,34,3,4,1,0,1,2,0,0,4,14,.118,.211,.235,.446,28,.206,27,8,0,0,0,0,0,2/DH,,murphto04
467,Dane Myers,28,MIA,NL,0.5,44,108,95,17,25,6,1,3,19,4,1,8,36,.263,.333,.442,.775,108,.346,111,42,0,3,0,2,0,9H8/7D,,myersda01
468,Carlos Narváez,25,NYY,AL,0.1,6,15,13,0,3,0,0,0,0,0,0,2,6,.231,.333,.231,.564,65,.270,69,3,0,0,0,0,0,/2H,,narvaca01
469,Omar Narváez*,32,NYM,NL,-0.9,28,69,65,4,10,2,0,0,5,0,0,3,12,.154,.191,.185,.376,8,.172,-1,12,2,0,1,0,0,2,,narvaom01
470,Bo Naylor*,24,CLE,AL,0.7,123,389,354,39,71,10,2,13,39,6,3,29,122,.201,.264,.350,.614,73,.272,71,124,3,2,2,2,1,*2H/D,,naylobo01
471,Josh Naylor*,27,CLE,AL,1.5,152,633,563,84,137,27,0,31,108,6,2,58,105,.243,.320,.456,.776,117,.336,117,257,17,7,0,4,7,*3D/H,AS,naylojo01
472,Héctor Neris,35,CHC,NL,0.0,1,0,0,0,0,0,0,0,0,0,0,0,0,,,,,,,,0,0,0,0,0,0,1,,nerishe01
473,Zach Neto,23,LAA,AL,5.1,155,602,542,70,135,34,1,23,77,30,10,39,140,.249,.318,.443,.761,112,.334,112,240,14,16,4,1,1,*6/H,,netoza01
474,Tyler Nevin,27,OAK,AL,-0.2,87,278,245,22,50,10,0,7,20,1,0,25,64,.204,.288,.331,.618,80,.279,80,81,5,5,0,3,0,359H7/D,,nevinty01
475,Kevin Newman,30,ARI,NL,2.2,111,311,288,41,80,17,1,3,28,8,1,15,48,.278,.311,.375,.686,91,.313,92,108,7,0,6,2,1,643/H57D,,newmake01
476,Tomás Nido,30,2TM,NL,-0.4,49,140,130,14,25,4,0,4,12,0,0,5,35,.192,.219,.315,.534,50,.235,44,41,1,0,3,2,0,2/H,,nidoto01
477,Brandon Nimmo*,31,NYM,NL,2.2,151,663,571,88,128,25,3,23,90,15,0,77,158,.224,.327,.399,.727,106,.331,111,228,7,12,0,3,1,*78/DH,,nimmobr01
478,Ryan Noda*,28,OAK,AL,-0.6,36,111,95,8,13,4,0,1,4,0,0,14,37,.137,.255,.211,.465,38,.222,40,20,0,1,1,0,0,3/H9D,,nodary01
479,Jhonkensy Noel,22,CLE,AL,1.0,67,198,179,25,39,7,1,13,28,0,0,13,63,.218,.288,.486,.774,115,.333,114,87,1,5,0,1,0,9H/3D7,,noeljh01
480,Lars Nootbaar*,26,STL,NL,1.5,109,405,348,39,85,18,3,12,45,7,3,52,79,.244,.342,.417,.758,112,.334,112,145,10,1,1,3,2,978/H,,nootbla01
481,Connor Norby,24,2TM,2LG,0.2,45,194,178,32,42,9,0,9,20,3,3,15,64,.236,.294,.438,.732,98,.309,93,78,2,0,0,1,0,54/D,,norbyco01
482,Nasim Nuñez#,23,WSN,NL,0.7,51,78,61,14,15,1,0,0,1,8,2,12,15,.246,.370,.262,.632,86,.331,106,16,1,0,5,0,0,6H/4D,,nunezna01
483,Ryan O'Hearn*,30,BAL,AL,2.0,142,494,443,60,117,21,3,15,59,3,1,46,69,.264,.334,.427,.761,121,.337,125,189,7,2,0,3,2,3DH9/7,,ohearry01
484,Logan O'Hoppe,24,LAA,AL,2.7,136,522,479,64,117,17,1,20,56,2,3,33,155,.244,.303,.409,.712,99,.315,102,196,7,8,1,1,0,*2/HD,,ohopplo01
485,Tyler O'Neill,29,BOS,AL,2.6,113,473,411,74,99,18,0,31,61,4,0,53,159,.241,.336,.511,.847,132,.365,131,210,13,7,0,2,5,79D/H,,oneilty01
486,Shohei Ohtani*,29,LAD,NL,9.2,159,731,636,134,197,38,7,54,130,59,4,81,162,.310,.390,.646,1.036,189,.449,190,411,7,6,0,5,10,*D,ASMVP-1SS,ohtansh01
487,Edward Olivares,28,PIT,NL,-0.7,55,196,174,22,39,4,0,5,23,1,0,16,37,.224,.291,.333,.624,74,.285,75,58,3,2,0,4,0,9/DH7,,olivaed02
488,Matt Olson*,30,ATL,NL,3.8,162,685,600,78,148,37,1,29,98,0,0,71,170,.247,.333,.457,.790,117,.342,117,274,15,9,0,5,5,*3,,olsonma02
489,Jonathan Ornelas,24,TEX,AL,0.0,18,40,37,1,8,2,0,0,3,0,0,2,13,.216,.256,.270,.527,53,.237,46,10,0,0,1,0,0,/564H8,,orneljo01
490,Rafael Ortega*,33,CHW,AL,-0.2,14,17,14,4,1,0,0,0,1,2,0,2,4,.071,.176,.071,.248,-24,.210,8,1,1,0,0,1,0,8/H9D,,ortegra01
491,Joey Ortiz,25,MIL,NL,2.7,142,511,440,58,105,25,6,11,60,11,6,56,103,.239,.329,.398,.726,102,.317,98,175,10,6,3,6,0,*56/H4,,ortizjo06
492,James Outman*,27,LAD,NL,-0.4,53,156,136,12,20,4,0,4,11,2,1,16,55,.147,.256,.265,.521,49,.240,50,36,0,4,0,0,0,8H/79,,outmaja01
493,Marcell Ozuna,33,ATL,NL,4.3,162,688,606,96,183,31,0,39,104,1,0,74,170,.302,.378,.546,.925,153,.394,154,331,23,3,0,4,2,*D,ASMVP-4,ozunama01
494,Cristian Pache,25,3TM,2LG,-0.2,88,183,165,13,33,8,1,1,16,1,0,17,64,.200,.273,.279,.552,54,.251,49,46,2,0,0,1,0,8H7/9D,,pachecr01
495,Andy Pages,23,LAD,NL,1.3,116,443,403,65,100,23,1,13,46,1,2,29,108,.248,.305,.407,.712,101,.310,101,164,8,6,0,4,0,*89/H7D,,pagesan01
496,Pedro Pagés,25,STL,NL,0.8,68,218,202,19,48,3,2,7,27,2,0,13,58,.238,.281,.376,.657,83,.287,76,76,7,0,1,2,0,2/H3,,pagespe02
497,Joshua Palacios*,28,PIT,NL,-0.1,23,78,67,10,15,2,0,2,9,1,0,10,12,.224,.333,.343,.677,90,.308,90,23,1,1,0,0,0,9/78H,,palacjo01
498,Richie Palacios*,27,TBR,AL,1.8,92,316,264,46,59,8,1,5,21,19,1,45,67,.223,.346,.318,.664,93,.318,96,84,5,5,0,1,2,497H/D56,,palacri01
499,Isaac Paredes,25,2TM,2LG,2.7,153,641,542,64,129,25,1,19,80,1,1,76,105,.238,.346,.393,.739,111,.331,115,213,17,17,0,6,2,*53D/H,AS,paredis01
500,Kyren Paris,22,LAA,AL,-0.3,21,59,51,4,6,2,0,1,5,1,0,7,17,.118,.224,.216,.440,26,.225,32,11,1,0,0,0,0,4/H6D,,parisky01
501,Vinnie Pasquantino*,26,KCR,AL,1.1,131,554,496,64,130,30,2,19,97,1,0,40,71,.262,.315,.446,.760,112,.328,108,221,12,4,1,13,1,3D/H,,pasquvi01
502,Graham Pauley*,23,SDP,NL,-0.4,13,32,32,4,4,0,0,2,5,0,0,0,15,.125,.125,.313,.438,17,.179,0,10,1,0,0,0,0,/5DH3,,paulegr01
503,Joel Payamps,30,MIL,NL,0.0,1,0,0,0,0,0,0,0,0,0,0,0,0,,,,,,,,0,0,0,0,0,0,1,,payamjo01
504,Joc Pederson*,32,ARI,NL,2.9,132,449,367,62,101,17,1,23,64,7,4,55,105,.275,.393,.515,.908,151,.388,151,189,5,18,1,3,2,*DH,,pederjo01
505,Elvis Peguero,27,MIL,NL,0.0,1,0,0,0,0,0,0,0,0,0,0,0,0,,,,,,,,0,0,0,0,0,0,1,,pegueel01
506,Liover Peguero,23,PIT,NL,-0.1,3,10,10,0,2,1,0,0,2,0,0,0,3,.200,.200,.300,.500,37,.204,17,3,0,0,0,0,0,/6,,pegueli01
507,Jeremy Peña,26,HOU,AL,4.1,157,650,602,78,160,28,2,15,70,20,6,25,111,.266,.308,.394,.701,101,.311,99,237,15,14,3,6,1,*6,,penaje02
508,Zach Penrod*,27,BOS,AL,0.0,1,0,0,0,0,0,0,0,0,0,0,0,0,,,,,,,,0,0,0,0,0,0,/1,,penroza01
509,David Peralta*,36,SDP,NL,0.8,91,260,236,35,63,11,0,8,28,2,0,22,54,.267,.335,.415,.750,109,.335,112,98,3,2,0,0,0,9HD7,,peralda01
510,Oswald Peraza,24,NYY,AL,0.1,4,11,10,2,2,0,0,1,1,0,0,1,3,.200,.273,.500,.773,113,.329,110,5,0,0,0,0,0,/5,,perazos02
511,Geraldo Perdomo#,24,ARI,NL,3.5,98,388,337,61,92,21,2,3,37,9,1,36,58,.273,.344,.374,.718,101,.328,104,126,5,3,7,5,0,6/H,,perdoge01
512,Jhonny Pereda,28,MIA,NL,-0.1,20,40,39,2,9,0,0,0,4,0,0,0,10,.231,.250,.231,.481,32,.239,37,9,2,1,0,0,0,2/H13,,peredjh01
513,Salvador Perez,34,KCR,AL,2.5,158,652,590,58,160,28,0,27,104,0,0,44,129,.271,.330,.456,.786,120,.339,116,269,17,11,0,6,9,23D/H,ASSS,perezsa02
514,Wenceel Pérez#,24,DET,AL,0.7,112,425,389,51,94,16,6,9,37,9,5,32,92,.242,.300,.383,.683,93,.302,93,149,5,1,2,1,0,98H/7D,,perezwe01
515,Blake Perkins#,27,MIL,NL,1.8,121,434,383,54,92,13,2,6,43,23,5,42,108,.240,.316,.332,.647,81,.301,81,127,3,3,0,6,1,*8H/D,,perkibl01
516,Jace Peterson*,34,ARI,NL,-0.6,14,26,22,2,1,0,0,0,1,0,0,3,6,.045,.154,.045,.199,-40,.114,-48,1,1,0,0,1,0,/H64D5,,peterja01
517,Tommy Pham,36,3TM,2LG,-0.2,116,478,440,49,109,20,3,9,39,7,3,35,106,.248,.305,.368,.674,92,.308,96,162,5,2,0,1,0,978/DH,,phamth01
518,Kevin Pillar,35,2TM,AL,0.4,100,314,284,38,65,16,1,8,45,12,3,16,69,.229,.291,.377,.667,88,.298,86,107,10,10,1,3,0,8H79D,,pillake01
519,René Pinto,27,TBR,AL,-0.1,19,49,42,5,9,3,0,2,6,0,0,4,18,.214,.292,.429,.720,103,.306,97,18,0,1,1,1,0,2,,pintore02
520,Jorge Polanco#,30,SEA,AL,1.3,118,469,417,43,89,11,0,16,45,4,2,46,137,.213,.296,.355,.651,94,.294,96,148,16,4,0,2,3,*4/DH,,polanjo01
521,Ryan Pressly,35,HOU,AL,0.0,2,0,0,0,0,0,0,0,0,0,0,0,0,,,,,,,,0,0,0,0,0,0,1,,pressry01
522,Jurickson Profar#,31,SDP,NL,3.6,158,668,564,94,158,29,0,24,85,10,3,76,101,.280,.380,.459,.839,134,.369,137,259,14,18,5,5,4,*7/D3,ASMVP-14SS,profaju01
523,A.J. Puk*,29,ARI,NL,0.0,1,0,0,0,0,0,0,0,0,0,0,0,0,,,,,,,,0,0,0,0,0,0,1,,pukaj01
524,José Quijada*,28,LAA,AL,0.0,1,0,0,0,0,0,0,0,0,0,0,0,0,,,,,,,,0,0,0,0,0,0,1,,quijajo01
525,Ceddanne Rafaela,23,BOS,AL,2.8,152,571,544,70,134,23,5,15,75,19,10,15,151,.246,.274,.390,.664,82,.299,85,212,8,7,2,3,1,864/5H9,,rafaece01
526,Cal Raleigh#,27,SEA,AL,4.7,153,628,546,73,120,16,0,34,100,6,1,70,176,.220,.312,.436,.748,120,.324,117,238,7,6,0,6,4,*2D/H,MVP-12GG,raleica01
527,Luke Raley*,29,SEA,AL,3.2,137,455,404,58,98,19,2,22,58,11,2,27,135,.243,.320,.463,.783,130,.346,131,187,2,20,2,2,0,739H/8D,,raleylu01
528,Harold Ramírez,29,2TM,2LG,-0.1,73,246,238,28,62,7,1,2,29,6,2,5,50,.261,.280,.324,.604,73,.271,70,77,2,2,0,1,0,DH/97,,ramirha02
529,José Ramírez#,31,CLE,AL,6.8,158,682,620,114,173,39,2,39,118,41,7,54,82,.279,.335,.537,.872,142,.376,140,333,9,1,0,6,12,*5D,ASMVP-5SS,ramirjo01
530,Bryan Ramos,22,CHW,AL,-0.2,32,108,99,13,20,4,0,3,11,0,2,7,22,.202,.252,.333,.586,67,.273,80,33,3,0,0,1,0,5/DH,,ramosbr01
531,Heliot Ramos,24,SFG,NL,2.3,121,518,475,54,128,23,3,22,72,6,1,37,135,.269,.322,.469,.792,124,.349,129,223,12,2,0,4,2,*87/9DH,AS,ramoshe02
532,J.T. Realmuto,33,PHI,NL,3.0,99,413,380,50,101,18,1,14,47,2,2,27,102,.266,.322,.429,.751,109,.331,112,163,7,5,0,1,1,2,,realmjt01
533,Jakson Reetz,28,SFG,NL,-0.2,6,15,14,1,2,1,0,1,1,0,0,1,5,.143,.200,.429,.629,74,.263,69,6,1,0,0,0,0,/2H,,reetzja01
534,Rob Refsnyder,33,BOS,AL,0.8,93,307,272,32,77,16,1,11,40,2,2,28,78,.283,.359,.471,.830,129,.354,126,128,6,5,0,1,2,79HD,,refsnro01
535,Zach Remillard,30,CHW,AL,0.2,15,39,33,3,8,1,1,0,1,1,0,5,10,.242,.342,.333,.675,96,.331,111,11,1,0,1,0,0,/456H78D,,remilza01
536,Anthony Rendon,34,LAA,AL,0.6,57,238,206,21,45,10,0,0,14,6,1,23,35,.218,.307,.267,.574,65,.283,75,55,4,5,0,4,0,5/D,,rendoan01
537,Hunter Renfroe,32,KCR,AL,0.0,120,424,385,44,88,18,0,15,52,1,1,36,84,.229,.297,.392,.689,93,.308,94,151,10,2,0,1,0,*9/HD3,,renfrhu01
538,Luis Rengifo#,27,LAA,AL,1.9,78,304,283,41,85,13,1,6,30,24,7,16,44,.300,.347,.417,.763,115,.344,116,118,6,4,1,0,0,54/H69D,,rengilu01
539,Pablo Reyes,30,2TM,2LG,-0.7,22,64,60,5,11,2,0,0,5,1,2,3,19,.183,.234,.217,.451,27,.196,20,13,1,1,0,0,0,5/4H361D,,reyespa01
540,Bryan Reynolds#,29,PIT,NL,3.6,156,692,622,73,171,29,3,24,88,10,2,57,156,.275,.344,.447,.791,119,.355,125,278,7,10,0,3,3,*7D9,AS,reynobr01
541,Ben Rice*,25,NYY,AL,-0.4,50,178,152,20,26,6,0,7,23,0,1,20,48,.171,.264,.349,.613,72,.275,74,53,2,1,0,5,0,3/H2,,ricebe01
542,Austin Riley,27,ATL,NL,2.9,110,469,425,63,109,26,2,19,56,0,0,37,118,.256,.322,.461,.783,114,.343,117,196,6,5,0,2,0,*5,,rileyau01
543,Edwin Ríos*,30,CIN,NL,-0.1,5,10,9,1,1,0,0,0,0,0,0,1,4,.111,.200,.111,.311,-11,.159,-21,1,0,0,0,0,0,/3H,,riosed01
544,Leo Rivas#,26,SEA,AL,0.3,43,86,73,10,17,1,1,0,8,3,0,10,24,.233,.333,.274,.607,85,.290,87,20,1,1,2,0,0,6H4/D15,,rivasle01
545,Emmanuel Rivera,28,2TM,2LG,-0.4,123,302,265,24,63,9,2,5,29,2,0,26,69,.238,.312,.343,.656,81,.295,80,91,7,5,1,5,0,53H/1D,,riverem01
546,Anthony Rizzo*,34,NYY,AL,0.2,92,375,337,38,77,12,0,8,35,0,0,27,65,.228,.301,.335,.637,81,.297,88,113,7,9,0,2,0,3/H,,rizzoan01
547,Luis Robert Jr.,26,CHW,AL,1.4,100,425,393,47,88,19,0,14,35,23,6,28,141,.224,.278,.379,.657,87,.298,88,149,8,2,0,1,2,8/DH,,roberlu01
548,David Robertson,39,TEX,AL,0.0,2,0,0,0,0,0,0,0,0,0,0,0,0,,,,,,,,0,0,0,0,0,0,1,,roberda08
549,Chuckie Robinson,29,CHW,AL,-0.5,26,76,70,2,9,0,0,0,0,0,0,5,20,.129,.197,.129,.326,-3,.171,0,9,1,1,0,0,0,2/H,,robinch04
550,Víctor Robles,27,2TM,2LG,3.1,91,295,254,44,78,20,0,4,28,34,2,21,53,.307,.381,.433,.814,142,.384,143,110,2,11,6,3,0,897/HD,,roblevi01
551,Brayan Rocchio#,23,CLE,AL,1.9,143,442,383,50,79,18,0,8,36,10,6,44,90,.206,.298,.316,.614,75,.281,78,121,11,8,2,5,1,*6/H,,rocchbr01
552,Brendan Rodgers,27,COL,NL,1.1,135,539,501,67,134,29,1,13,54,1,0,31,132,.267,.314,.407,.721,93,.317,92,204,12,4,1,2,1,*4/DH,,rodgebr02
553,Johnathan Rodríguez,24,CLE,AL,-0.4,13,40,31,6,4,1,0,0,5,0,0,9,14,.129,.325,.161,.486,45,.250,55,5,1,0,0,0,0,9/H7D,,rodrijo10
554,Julio Rodríguez,23,SEA,AL,4.3,143,613,567,76,155,17,0,20,68,24,5,38,156,.273,.325,.409,.734,117,.334,121,232,10,6,0,2,1,*8D/H,,rodriju01
555,Yerry Rodríguez,26,TEX,AL,0.0,1,0,0,0,0,0,0,0,0,0,0,0,0,,,,,,,,0,0,0,0,0,0,1,,rodriye01
556,Jake Rogers,29,DET,AL,1.0,102,337,310,43,61,16,1,10,36,1,0,22,99,.197,.255,.352,.607,71,.270,69,109,6,3,0,2,1,2/DH,,rogerja03
557,Johan Rojas,23,PHI,NL,0.7,120,363,338,47,82,12,3,3,32,25,4,13,69,.243,.279,.322,.601,69,.277,63,109,7,4,8,0,0,*8/HD,,rojasjo03
558,Josh Rojas*,30,SEA,AL,2.2,142,476,422,48,95,19,2,8,31,10,4,46,108,.225,.304,.336,.641,91,.289,92,142,6,3,1,2,1,*5H4/713D,,rojasjo01
559,Miguel Rojas,35,LAD,NL,3.4,103,337,307,41,87,21,0,6,36,8,2,23,34,.283,.337,.410,.748,112,.329,112,126,8,3,2,2,0,64H5/13,,rojasmi02
560,Chris Roller,27,MIL,NL,0.0,1,1,1,0,0,0,0,0,0,0,0,0,1,.000,.000,.000,.000,-100,.000,-136,0,0,0,0,0,0,/8H,,rollech01
561,JoJo Romero*,27,STL,NL,0.0,1,0,0,0,0,0,0,0,0,0,0,0,0,,,,,,,,0,0,0,0,0,0,1,,romerjo01
562,Drew Romo#,22,COL,NL,-0.2,16,53,51,4,9,3,0,0,6,0,1,2,18,.176,.208,.235,.443,20,.186,5,12,2,0,0,0,0,2/DH,,romodr01
563,Brent Rooker,29,OAK,AL,5.6,145,614,546,82,160,26,2,39,112,11,3,59,177,.293,.365,.562,.927,165,.399,166,307,5,5,0,4,4,*D/79H,MVP-10SS,rookebr01
564,Ben Rortvedt*,26,TBR,AL,0.9,112,328,290,27,66,13,0,3,31,1,0,34,88,.228,.317,.303,.621,80,.287,83,88,6,4,0,0,0,*2H/1,,rortvbe01
565,Amed Rosario,28,3TM,2LG,-0.1,103,346,332,29,93,18,3,3,32,13,5,9,73,.280,.306,.380,.686,94,.312,98,126,10,4,0,1,0,49DH56,,rosaram01
566,Eddie Rosario*,32,2TM,NL,-1.6,91,319,297,33,52,12,0,10,35,9,1,16,77,.175,.215,.316,.531,48,.241,43,94,4,0,2,4,0,79D8/H,,rosared01
567,Eguy Rosario,24,SDP,NL,0.3,30,57,53,5,13,6,0,3,6,0,0,2,20,.245,.286,.528,.814,121,.339,116,28,1,1,1,0,0,5H/D4,,rosareg01
568,Esteury Ruiz,25,OAK,AL,-0.1,29,65,55,10,11,2,1,2,8,5,4,4,20,.200,.270,.382,.652,87,.266,80,21,1,2,2,2,0,7H/8,,ruizes01
569,Keibert Ruiz#,25,WSN,NL,0.6,127,485,459,46,105,21,0,13,57,3,1,16,54,.229,.260,.359,.619,75,.270,70,165,13,5,0,5,0,*2D/H,,ruizke01
570,Adley Rutschman#,26,BAL,AL,3.4,148,638,571,68,143,21,1,19,79,1,0,58,103,.250,.318,.391,.709,106,.313,107,223,9,2,0,7,3,2D/H,AS,rutscad01
571,Blake Sabol*,26,SFG,NL,0.3,11,38,32,3,10,2,0,0,1,0,0,5,9,.313,.421,.375,.796,132,.350,132,12,0,1,0,0,1,/2DH,,sabolbl01
572,Thomas Saggese,22,STL,NL,-0.2,18,52,49,5,10,2,0,1,4,0,0,2,14,.204,.250,.306,.556,56,.246,48,15,0,1,0,0,0,4/65,,saggeth01
573,César Salazar*,28,HOU,AL,0.2,12,32,25,5,8,2,0,0,8,0,0,2,6,.320,.387,.400,.787,129,.344,125,10,0,2,1,2,0,2/DH,,salazce01
574,Ali Sánchez,27,MIA,NL,-0.6,31,96,84,5,14,2,0,0,4,2,1,4,24,.167,.211,.190,.402,10,.194,-1,16,2,1,6,1,0,2/H,,sanchal04
575,Gary Sánchez,31,MIL,NL,0.2,89,280,245,30,54,7,1,11,37,0,0,27,76,.220,.307,.392,.699,94,.312,94,96,9,5,0,3,0,D2H/3,,sanchga02
576,Jesús Sánchez*,26,MIA,NL,0.7,149,537,489,60,123,25,1,18,64,16,2,41,140,.252,.313,.417,.731,96,.326,96,204,12,4,1,2,2,*9HD7,,sanchje02
577,Miguel Sanó,31,LAA,AL,-0.1,28,95,83,9,17,3,0,2,6,0,0,9,36,.205,.295,.313,.608,73,.272,70,26,2,2,0,1,0,5/D3H1,,sanomi01
578,Javier Sanoja,21,MIA,NL,0.0,15,36,35,3,8,2,0,0,2,0,0,1,4,.229,.250,.286,.536,45,.235,34,10,2,0,0,0,0,/8H647D,,sanojja01
579,Carlos Santana#,38,MIN,AL,2.5,150,594,521,63,124,26,0,23,71,4,0,65,99,.238,.328,.420,.749,109,.329,108,219,11,6,0,2,3,*3/HD,GG,santaca01
580,Anthony Santander#,29,BAL,AL,2.9,155,665,595,91,140,25,2,44,102,2,0,58,129,.235,.308,.506,.814,133,.346,131,301,9,7,0,5,3,*9D/3H,ASMVP-14SS,santaan02
581,Nolan Schanuel*,22,LAA,AL,1.3,147,607,519,62,130,19,0,13,54,10,1,68,103,.250,.343,.362,.706,100,.321,103,188,14,9,3,7,0,*3/HD,,schanno01
582,Casey Schmitt,25,SFG,NL,0.2,40,113,107,11,27,4,1,6,16,0,0,4,25,.252,.283,.477,.760,113,.321,110,51,2,1,0,1,0,46/5HD,,schmica01
583,Daniel Schneemann*,27,CLE,AL,0.7,73,221,193,17,42,10,2,5,22,3,2,25,70,.218,.303,.368,.671,90,.297,90,71,1,0,0,3,0,6589H/47D,,schneda04
584,Davis Schneider,25,TOR,AL,0.0,135,454,397,48,76,19,1,13,46,6,0,47,144,.191,.282,.343,.625,79,.280,76,136,2,5,0,5,0,74H/D,,schneda03
585,Max Schuemann,27,OAK,AL,0.8,133,459,396,55,87,14,0,7,34,14,1,47,119,.220,.311,.308,.619,82,.292,86,122,8,7,5,4,0,65/4H789,,schuema01
586,Aaron Schunk,26,COL,NL,0.2,39,98,94,14,22,3,0,2,7,0,1,4,31,.234,.265,.330,.595,60,.260,55,31,0,0,0,0,1,45/H6D,,schunaa01
587,Kyle Schwarber*,31,PHI,NL,3.5,150,692,573,110,142,22,0,38,104,5,3,106,197,.248,.366,.485,.851,137,.367,137,278,6,5,0,8,4,*D/7H,MVP-15,schwaky01
588,Victor Scott II*,23,STL,NL,-0.5,53,155,145,14,26,9,0,2,10,5,1,6,42,.179,.219,.283,.502,40,.235,38,41,0,2,0,2,0,8/9H7,,scottvi01
589,Corey Seager*,30,TEX,AL,5.0,123,533,475,68,132,21,0,30,74,1,1,53,96,.278,.353,.512,.864,146,.363,139,243,8,3,0,2,11,*6D/H,ASMVP-15,seageco01
590,Marcus Semien,33,TEX,AL,4.1,159,718,650,101,154,27,2,23,74,8,3,64,105,.237,.308,.391,.699,100,.310,100,254,9,3,0,1,2,*4,AS,semiema01
591,Nick Senzel,29,2TM,2LG,-1.4,74,267,236,25,46,11,0,7,18,1,3,28,61,.195,.283,.331,.614,75,.271,74,78,6,1,1,0,1,5D/H9,,senzeni01
592,Brian Serven,29,TOR,AL,0.2,28,71,63,6,10,4,0,0,3,0,0,5,22,.159,.243,.222,.465,36,.229,40,14,0,2,1,0,0,2/H,,servebr01
593,Paul Sewald,34,ARI,NL,0.0,1,0,0,0,0,0,0,0,0,0,0,0,0,,,,,,,,0,0,0,0,0,0,1,,sewalpa01
594,Gavin Sheets*,28,CHW,AL,-1.0,139,501,451,35,105,24,1,10,45,2,2,43,106,.233,.303,.357,.660,90,.292,88,161,6,4,0,3,2,93DH,,sheetga01
595,Austin Shenton*,26,TBR,AL,0.1,19,50,42,3,9,5,0,1,3,0,0,8,14,.214,.340,.405,.745,113,.329,114,17,1,0,0,0,0,3/HD,,shentau01
596,Braden Shewmake*,26,CHW,AL,-0.6,29,67,64,4,8,2,0,1,4,5,1,1,10,.125,.134,.203,.337,-5,.154,-19,13,0,0,0,2,0,6/54HD,,shewmbr01
597,Zack Short,29,3TM,2LG,-0.1,42,88,70,11,9,3,0,0,5,2,1,14,24,.129,.282,.171,.454,31,.239,42,12,0,1,3,0,0,5H6/4D,,shortza01
598,Chase Shugart*,27,BOS,AL,0.0,1,0,0,0,0,0,0,0,0,0,0,0,0,,,,,,,,0,0,0,0,0,0,/1,,shugach01
599,Michael Siani*,24,STL,NL,0.7,124,334,298,42,68,7,2,2,20,20,3,21,92,.228,.285,.285,.570,62,.265,54,85,2,3,11,1,0,*8H/97D,,sianimi01
600,Lucas Sims,30,CIN,NL,0.0,1,0,0,0,0,0,0,0,0,0,0,0,0,,,,,,,,0,0,0,0,0,0,1,,simslu01
601,Jon Singleton*,32,HOU,AL,0.3,119,405,355,46,83,13,1,13,42,0,0,47,111,.234,.321,.386,.707,104,.317,105,137,2,0,0,3,0,3HD,,singljo02
602,Jose Siri,28,TBR,AL,1.8,130,448,402,50,75,16,1,18,47,14,7,31,170,.187,.255,.366,.620,75,.272,73,147,5,7,2,4,0,*8/H3D,,sirijo01
603,Austin Slater,31,3TM,2LG,-0.2,84,212,177,24,37,4,0,2,18,3,2,26,60,.209,.321,.266,.586,72,.279,81,47,5,5,0,4,0,9H78/D,,slateau01
604,Dominic Smith*,29,2TM,2LG,-0.1,93,307,275,33,64,22,0,6,34,1,1,28,76,.233,.313,.378,.691,91,.308,91,104,7,4,0,0,0,3H/D1,,smithdo02
605,Josh Smith*,26,TEX,AL,3.2,149,592,523,67,135,30,1,13,62,11,2,46,121,.258,.337,.394,.731,111,.329,112,206,6,18,2,3,1,56DH/749,SS,smithjo11
606,Kevin Smith,27,NYY,AL,0.0,2,0,0,0,0,0,0,0,0,0,0,0,0,,,,,,,,0,0,0,0,0,0,/HD,,smithke05
607,Pavin Smith*,28,ARI,NL,0.6,60,158,137,26,37,11,0,9,36,1,0,18,31,.270,.348,.547,.896,145,.382,145,75,4,0,0,3,0,397H/D1,,smithpa04
608,Will Smith,29,LAD,NL,3.5,128,544,476,77,118,24,2,20,75,1,1,51,105,.248,.327,.433,.760,115,.327,112,206,8,9,0,8,6,*2/HD,AS,smithwi05
609,Tyler Soderstrom*,22,OAK,AL,0.5,61,213,189,18,44,10,0,9,26,0,0,20,53,.233,.315,.429,.743,114,.330,118,81,7,3,0,1,1,3/H2,,soderty01
610,Nick Sogard#,26,BOS,AL,0.3,31,86,77,13,21,4,0,0,8,3,0,7,25,.273,.326,.325,.650,82,.299,79,25,4,0,0,2,0,4/65H3,,sogarni01
611,Donovan Solano,36,SDP,NL,1.0,96,309,283,31,81,13,0,8,35,2,1,22,65,.286,.343,.417,.760,112,.339,116,118,6,3,0,1,0,5DH3/4,,solando01
612,Jorge Soler,32,2TM,NL,1.1,142,574,493,84,119,34,1,21,64,1,0,68,141,.241,.338,.442,.780,120,.343,123,218,9,6,0,4,0,D9/H7,,solerjo01
613,Edmundo Sosa,28,PHI,NL,2.3,90,274,249,39,64,12,4,7,31,7,1,13,66,.257,.313,.422,.734,104,.330,107,105,5,8,1,2,0,654H,,sosaed01
614,Lenyn Sosa,24,CHW,AL,-0.4,100,369,351,28,89,13,0,8,35,3,1,12,77,.254,.283,.359,.642,84,.282,79,126,5,3,2,1,1,54/H3D,,sosale01
615,Juan Soto*,25,NYY,AL,7.9,157,713,576,128,166,31,4,41,109,7,4,129,119,.288,.419,.569,.989,178,.424,179,328,10,4,0,4,2,*9/7DH,ASMVP-3SS,sotoju01
616,Liván Soto*,24,2TM,2LG,0.1,13,16,13,1,3,1,0,0,0,0,0,3,3,.231,.375,.308,.683,101,.318,107,4,0,0,0,0,0,/456DH,,sotoli01
617,George Springer,34,TOR,AL,1.1,145,614,545,74,120,19,3,19,56,16,1,60,115,.220,.303,.371,.674,93,.312,97,202,16,6,0,2,0,*9D/H8,,springe01
618,Jacob Stallings,34,COL,NL,1.8,82,281,243,31,64,17,1,9,36,0,0,27,65,.263,.357,.453,.810,117,.355,119,110,10,9,1,1,1,2/HD,,stallja01
619,Ryne Stanek,32,SEA,AL,0.0,1,0,0,0,0,0,0,0,0,0,0,0,0,,,,,,,,0,0,0,0,0,0,1,,stanery01
620,Giancarlo Stanton,34,NYY,AL,0.7,114,459,417,49,97,20,0,27,72,0,0,38,143,.233,.298,.475,.773,115,.330,112,198,17,2,0,2,2,*D/H,,stantmi03
621,Spencer Steer,26,CIN,NL,1.5,158,656,574,74,129,34,4,20,92,25,3,72,137,.225,.319,.402,.721,96,.331,99,231,5,8,0,2,1,73/4D9H6,,steersp01
622,Michael Stefanic,28,LAA,AL,-0.2,40,124,110,8,24,4,0,0,8,0,0,10,20,.218,.301,.255,.555,60,.256,58,28,5,3,1,0,0,4/HD15,,stefami01
623,Tyler Stephenson,27,CIN,NL,2.4,138,515,457,69,118,26,1,19,66,1,0,48,117,.258,.338,.444,.782,112,.345,114,203,9,8,0,2,2,*2HD,,stephty01
624,Cal Stevenson*,27,PHI,NL,-0.1,18,27,24,2,6,3,0,0,6,0,0,3,4,.250,.333,.375,.708,99,.311,96,9,1,0,0,0,0,8/H97,,steveca01
625,DJ Stewart*,30,NYM,NL,-0.8,74,194,158,16,28,4,0,5,19,1,0,31,48,.177,.325,.297,.622,80,.296,89,47,5,4,0,1,0,9HD7/3,,stewadj01
626,Trevor Story,31,BOS,AL,0.7,26,106,94,8,24,7,0,2,10,6,3,11,33,.255,.340,.394,.733,104,.325,104,37,2,1,0,0,2,6,,storytr01
627,Bryson Stott*,26,PHI,NL,2.5,148,571,506,65,124,19,2,11,57,32,3,53,93,.245,.315,.356,.671,89,.309,87,180,9,3,0,9,1,*46H/D,,stottbr01
628,Kyle Stowers*,26,2TM,2LG,-0.5,69,209,192,15,40,11,2,3,24,0,1,13,74,.208,.268,.333,.601,64,.270,64,64,2,3,0,1,0,79H8/D,,stoweky01
629,Myles Straw,29,CLE,AL,-0.1,7,4,4,2,1,0,0,0,0,2,0,0,0,.250,.250,.250,.500,43,.348,38,1,0,0,0,0,0,/8HD,,strawmy01
630,Garrett Stubbs*,31,PHI,NL,0.4,54,187,164,18,34,4,1,1,11,5,0,17,50,.207,.296,.262,.558,59,.271,63,43,0,4,0,1,0,2/1H,,stubbga01
631,Albert Suárez,34,BAL,AL,0.0,1,0,0,0,0,0,0,0,0,0,0,0,0,,,,,,,,0,0,0,0,0,0,1,,suareal01
632,Eugenio Suárez,32,ARI,NL,3.1,158,640,571,90,146,28,2,30,101,2,1,49,176,.256,.319,.469,.788,116,.340,115,268,10,9,0,11,0,*5/D,,suareeu01
633,Brett Sullivan*,30,SDP,NL,0.0,7,17,16,1,3,0,0,1,2,0,0,1,4,.188,.235,.375,.610,67,.253,54,6,0,0,0,0,0,/23H,,sullibr01
634,Jack Suwinski*,25,PIT,NL,-1.7,88,277,247,29,45,8,0,9,26,9,1,27,79,.182,.264,.324,.588,63,.277,66,80,3,1,1,1,2,879H,,suwinja01
635,Seiya Suzuki,29,CHC,NL,3.5,132,585,512,74,145,27,6,21,73,16,6,63,160,.283,.366,.482,.848,137,.364,136,247,6,6,0,4,3,9D/7H,,suzukse01
636,Dansby Swanson,30,CHC,NL,3.9,149,593,534,82,129,27,2,16,66,19,3,54,144,.242,.312,.390,.701,97,.313,96,208,7,2,0,3,2,*6/H,,swansda01
637,Trey Sweeney*,24,DET,AL,0.7,36,119,110,11,24,5,0,4,17,2,0,7,32,.218,.269,.373,.642,81,.290,81,41,3,1,0,1,0,6,,sweentr01
638,Fernando Tatis Jr.,25,SDP,NL,2.6,102,438,398,64,110,21,1,21,49,11,3,32,96,.276,.340,.492,.833,130,.360,129,196,8,7,0,1,0,9/DH,AS,tatisfe02
639,Mike Tauchman*,33,CHC,NL,0.6,109,350,298,50,74,12,1,7,29,6,2,47,70,.248,.357,.366,.723,106,.326,108,109,7,4,0,1,0,9HD78,,tauchmi01
640,Leody Taveras#,25,TEX,AL,0.5,151,529,480,59,110,17,3,12,44,23,6,42,112,.229,.289,.352,.641,84,.293,84,169,8,0,3,4,0,*8/HD,,taverle01
641,Chris Taylor,33,LAD,NL,-0.1,87,246,213,28,43,7,1,4,23,5,1,28,76,.202,.298,.300,.598,72,.289,82,64,5,2,1,2,0,754H/8,,tayloch03
642,Michael A. Taylor,33,PIT,NL,0.9,113,300,269,35,52,9,1,5,21,12,1,23,105,.193,.253,.290,.543,52,.255,47,78,3,0,4,4,0,8H/7D,,taylomi02
643,Samad Taylor,25,SEA,AL,0.1,3,5,5,2,2,0,0,0,0,0,0,0,1,.400,.400,.400,.800,140,.338,128,2,0,0,0,0,0,/78H,,taylosa04
644,Tyrone Taylor,30,NYM,NL,2.0,130,345,319,47,79,22,3,7,35,11,2,19,80,.248,.299,.401,.701,98,.317,102,128,4,5,1,1,1,*98H7/D,,tayloty01
645,Rowdy Tellez*,29,PIT,NL,-0.3,131,421,383,38,93,18,0,13,56,1,0,31,89,.243,.299,.392,.691,91,.305,90,150,12,2,0,5,0,*3H/1,,tellero01
646,José Tena*,23,2TM,2LG,0.2,44,168,161,14,43,5,0,3,15,6,1,7,41,.267,.298,.354,.652,86,.290,81,57,1,0,0,0,0,5/4DH,,tenajo01
647,Bryce Teodosio,25,LAA,AL,-0.2,5,12,12,1,1,0,0,0,0,0,0,0,5,.083,.083,.083,.167,-52,.141,-24,1,0,0,0,0,0,/8DH,,teodobr01
648,Matt Thaiss*,29,LAA,AL,0.6,57,186,157,14,32,9,0,2,16,3,0,28,58,.204,.323,.299,.622,78,.295,83,47,2,0,0,1,0,2/DH,,thaisma01
649,Alek Thomas*,24,ARI,NL,0.0,39,103,95,13,18,5,1,3,17,4,1,7,17,.189,.245,.358,.603,66,.283,71,34,7,0,1,0,0,8/HD,,thomaal01
650,Lane Thomas,28,2TM,2LG,0.3,130,528,472,65,112,26,3,15,63,32,14,44,137,.237,.309,.400,.709,101,.315,101,189,5,7,0,5,1,*98/HD,,thomala02
651,Bubba Thompson,26,CIN,NL,-0.3,17,18,18,5,2,1,0,0,0,5,0,0,11,.111,.111,.167,.278,-25,.186,-47,3,1,0,0,0,0,8/HD,,thompbu01
652,Ryan Thompson,32,ARI,NL,0.0,1,0,0,0,0,0,0,0,0,0,0,0,0,,,,,,,,0,0,0,0,0,0,1,,thompry02
653,Trent Thornton,30,SEA,AL,0.0,1,0,0,0,0,0,0,0,0,0,0,0,0,,,,,,,,0,0,0,0,0,0,1,,thorntr01
654,Michael Toglia#,25,COL,NL,2.2,116,458,399,62,87,14,3,25,55,10,1,54,147,.218,.311,.456,.767,104,.334,102,182,7,1,0,3,2,39/7,,toglimi01
655,Spencer Torkelson,24,DET,AL,0.3,92,381,342,45,75,21,1,10,37,0,0,33,105,.219,.295,.374,.669,89,.293,86,128,6,4,0,1,0,3/D,,torkesp01
656,Abraham Toro#,27,OAK,AL,0.6,94,364,337,34,81,17,1,6,26,4,2,20,62,.240,.293,.350,.643,87,.285,85,118,4,5,2,0,1,54DH/37,,toroab01
657,Luis Torrens,28,NYM,NL,0.7,47,130,118,14,27,8,0,3,15,0,1,9,28,.229,.292,.373,.665,88,.287,86,44,5,2,0,1,0,2/HD1,,torrelu01
658,Gleyber Torres,27,NYY,AL,1.8,154,665,587,80,151,26,0,15,63,4,3,65,136,.257,.330,.378,.709,101,.318,103,222,6,3,2,8,0,*4/H,,torregl01
659,Ezequiel Tovar,22,COL,NL,3.8,157,695,655,83,176,45,4,26,78,6,5,23,200,.269,.295,.469,.763,102,.325,99,307,16,4,5,7,1,*6,MVP-19GG,tovarez01
660,Taylor Trammell*,26,2TM,2LG,-0.2,10,8,7,2,1,0,0,0,0,0,0,1,3,.143,.250,.143,.393,17,.198,16,1,0,0,0,0,0,/H79D,,trammta01
661,Alan Trejo,28,COL,NL,-0.8,28,67,63,4,9,0,0,0,1,0,0,2,15,.143,.182,.143,.325,-10,.154,-27,9,2,1,1,0,0,4/5H6D,,trejoal01
662,Jose Trevino,31,NYY,AL,0.6,73,234,209,26,45,5,0,8,28,1,0,20,41,.215,.288,.354,.642,81,.287,80,74,12,2,1,2,0,2/H1,,trevijo01
663,Jared Triolo,26,PIT,NL,1.3,125,446,394,41,85,10,1,9,46,8,1,42,118,.216,.296,.315,.611,71,.286,74,124,5,5,0,5,0,54/36H9,GG,triolja01
664,Chadwick Tromp,29,ATL,NL,0.2,19,54,52,3,13,6,0,0,6,0,0,1,17,.250,.259,.365,.625,71,.282,73,19,2,0,0,1,0,2,,trompch01
665,Mike Trout,32,LAA,AL,1.1,29,126,109,17,24,1,2,10,14,6,1,16,27,.220,.325,.541,.867,139,.372,136,59,0,1,0,0,1,8/D,,troutmi01
666,Cole Tucker#,27,LAA,AL,-0.5,24,57,50,3,9,4,1,0,3,3,1,6,17,.180,.263,.300,.563,59,.255,55,15,0,0,0,1,0,/5D7H1,,tuckeco01
667,Kyle Tucker*,27,HOU,AL,4.7,78,339,277,56,80,13,0,23,49,11,0,56,54,.289,.408,.585,.993,183,.426,179,162,5,1,0,2,3,9/DH,AS,tuckeky01
668,Brice Turang*,24,MIL,NL,4.7,155,619,559,72,142,24,4,7,57,50,6,50,105,.254,.316,.349,.665,86,.313,85,195,8,2,5,3,1,*4H/D,GG,turanbr02
669,Justin Turner,39,2TM,AL,1.5,139,539,460,59,119,24,0,11,55,0,2,59,95,.259,.354,.383,.737,115,.328,116,176,16,13,0,7,2,D3H/5,,turneju01
670,Trea Turner,31,PHI,NL,3.0,121,539,505,88,149,25,0,21,62,19,4,27,98,.295,.338,.469,.807,124,.358,127,237,10,6,0,1,0,*6/D,AS,turnetr01
671,José Ureña,32,TEX,AL,0.0,2,0,0,0,0,0,0,0,0,0,0,0,0,,,,,,,,0,0,0,0,0,0,1,,urenajo01
672,Luis Urías,27,SEA,AL,0.4,41,109,94,11,18,7,0,4,16,0,0,9,34,.191,.303,.394,.696,106,.307,106,37,2,6,0,0,0,5/HD,,uriaslu01
673,Ramón Urías,30,BAL,AL,1.5,100,301,272,39,69,9,2,11,37,1,1,23,55,.254,.322,.423,.745,116,.326,117,115,0,5,0,1,0,5/H4D3,,uriasra01
674,Gio Urshela,32,2TM,2LG,0.7,128,461,432,34,108,19,1,9,52,0,0,23,72,.250,.286,.361,.647,82,.290,82,156,13,1,0,5,1,*53/H6D,,urshegi01
675,Enmanuel Valdéz*,25,BOS,AL,-0.6,76,223,201,23,43,12,0,6,28,1,1,17,53,.214,.270,.363,.633,74,.277,70,73,4,0,1,4,0,4H/D57,,valdeen01
676,Ildemaro Vargas#,32,WSN,NL,-0.5,95,303,272,21,67,16,0,1,30,9,4,19,31,.246,.295,.316,.611,76,.273,72,86,9,2,5,5,0,547H/613D,,vargail01
677,Miguel Vargas,24,2TM,2LG,-0.8,72,237,206,22,31,7,0,5,16,3,1,25,57,.150,.249,.257,.506,46,.244,52,53,4,3,0,3,0,57/HD3,,vargami01
678,Daulton Varsho*,27,TOR,AL,5.0,136,513,459,73,98,21,7,18,58,10,2,48,137,.214,.293,.407,.700,99,.306,94,187,2,4,1,1,1,*87/H9D,GG,varshda01
679,Andrew Vaughn,26,CHW,AL,0.2,149,619,570,55,140,30,1,19,70,2,0,38,132,.246,.297,.402,.699,99,.305,96,229,13,6,0,5,0,*3D/H,,vaughan01
680,Christian Vázquez,33,MIN,AL,-0.2,93,315,294,29,65,10,0,7,27,3,1,11,65,.221,.248,.327,.575,60,.262,60,96,11,1,5,4,0,2/5DH3,,vazquch01
681,Luis Vázquez,24,CHC,NL,-0.2,11,14,12,2,1,0,0,0,1,0,0,0,6,.083,.143,.083,.226,-34,.109,-48,1,1,1,0,1,0,/65H4,,vazqulu01
682,Nelson Velázquez,25,KCR,AL,-0.5,64,230,205,31,41,8,1,8,27,2,0,19,61,.200,.274,.366,.640,79,.285,76,75,6,3,0,3,0,D97/H,,velazne01
683,Alex Verdugo*,28,NYY,AL,0.8,149,621,559,74,130,28,1,13,61,2,1,49,93,.233,.291,.356,.647,83,.288,81,199,14,1,2,10,0,*79/8,,verdual01
684,Mark Vientos,24,NYM,NL,3.1,111,454,413,58,110,22,0,27,71,0,0,33,135,.266,.322,.516,.837,134,.361,137,213,6,3,0,5,0,5/H3D,,vientma01
685,Matt Vierling,27,DET,AL,3.0,144,567,518,80,133,28,5,16,57,6,1,41,121,.257,.312,.423,.735,107,.323,106,219,9,3,0,5,1,859H7/D3,,vierlma01
686,Ryan Vilade,25,DET,AL,-0.7,17,49,45,5,8,0,0,1,5,0,0,2,12,.178,.208,.244,.453,29,.218,31,11,2,0,1,1,0,7/98H3,,viladry01
687,David Villar,27,SFG,NL,0.0,11,37,35,3,9,4,0,1,4,0,0,1,13,.257,.270,.457,.727,104,.302,96,16,0,0,0,1,0,3/DH,,villada01
688,Victor Vodnik,24,COL,NL,0.0,1,0,0,0,0,0,0,0,0,0,0,0,0,,,,,,,,0,0,0,0,0,0,1,,vodnivi01
689,Daniel Vogelbach*,31,TOR,AL,-0.4,31,79,70,5,13,5,0,1,8,0,0,9,17,.186,.278,.300,.578,67,.262,65,21,4,0,0,0,0,DH,,vogelda01
690,Anthony Volpe,23,NYY,AL,3.4,160,689,637,90,155,27,7,12,60,28,7,42,156,.243,.293,.364,.657,86,.296,84,232,9,4,2,3,1,*6/H,,volpean01
691,Jason Vosler*,30,SEA,AL,-0.1,10,30,28,2,5,1,1,0,3,0,0,2,9,.179,.233,.286,.519,54,.229,50,8,0,0,0,0,0,/3DH79,,vosleja01
692,Austin Voth,32,SEA,AL,0.0,1,0,0,0,0,0,0,0,0,0,0,0,0,,,,,,,,0,0,0,0,0,0,1,,vothau01
693,LaMonte Wade Jr.*,30,SFG,NL,2.1,117,401,331,45,86,16,0,8,34,2,1,62,90,.260,.380,.381,.761,120,.337,122,126,2,4,1,3,5,3H9/D7,,wadela01
694,Tyler Wade*,29,SDP,NL,-0.7,90,156,138,28,30,3,0,0,8,8,1,11,29,.217,.285,.239,.524,50,.250,43,33,0,2,4,0,0,H5467/9D8,,wadety01
695,Eric Wagaman,26,LAA,AL,0.4,18,74,72,6,18,5,0,2,10,0,0,2,17,.250,.270,.403,.673,87,.291,83,29,1,0,0,0,0,5/7H,,wagamer01
696,Will Wagner*,25,TOR,AL,0.7,24,86,82,8,25,6,0,2,11,0,0,4,16,.305,.337,.451,.788,125,.354,130,37,3,0,0,0,0,4/H3D,,wagnewi01
697,Christian Walker,33,ARI,NL,2.6,130,552,479,72,120,26,0,26,84,2,2,55,133,.251,.335,.468,.803,121,.340,116,224,12,10,0,8,4,*3/H,GG,walkech02
698,Jordan Walker,22,STL,NL,-0.9,51,178,164,16,33,10,1,5,20,1,0,10,50,.201,.253,.366,.619,71,.267,63,60,4,2,0,2,0,9/HD,,walkejo02
699,Forrest Wall*,28,2TM,NL,0.0,16,35,32,4,8,0,0,0,1,4,3,3,8,.250,.314,.250,.564,60,.235,52,8,0,0,0,0,0,7/H9,,wallfo01
700,Matt Wallner*,26,MIN,AL,2.2,75,261,220,26,57,17,1,13,37,3,0,24,95,.259,.372,.523,.894,149,.387,149,115,2,16,0,1,0,97DH/1,,wallnma01
701,Taylor Walls#,27,TBR,AL,1.4,84,252,218,27,40,5,3,1,14,16,4,31,67,.183,.282,.248,.529,54,.251,53,54,3,0,0,3,0,6/HD,,wallsta01
702,Jared Walsh*,30,TEX,AL,-0.2,17,60,53,9,12,2,0,1,7,0,0,7,21,.226,.317,.321,.637,85,.288,84,17,2,0,0,0,0,3/H,,walshja01
703,Donovan Walton*,30,SFG,NL,0.0,9,25,22,3,3,0,0,1,2,0,0,2,7,.136,.240,.273,.513,47,.236,49,6,2,1,0,0,0,/41H,,waltodo01
704,Taylor Ward,30,LAA,AL,2.3,156,663,585,73,144,26,2,25,75,6,4,63,163,.246,.323,.426,.748,110,.329,111,249,11,7,0,8,0,*7D,,wardta01
705,Drew Waters#,25,KCR,AL,0.0,7,19,16,2,3,1,0,0,1,0,0,2,6,.188,.316,.250,.566,64,.265,63,4,0,1,0,0,0,/97H,,waterdr01
706,Jacob Webb,30,BAL,AL,0.0,1,0,0,0,0,0,0,0,0,0,0,0,0,,,,,,,,0,0,0,0,0,0,1,,webbja01
707,Austin Wells*,24,NYY,AL,2.5,115,414,354,42,81,18,1,13,55,1,2,47,87,.229,.322,.395,.718,103,.318,104,140,9,5,1,7,0,*2H/D,ROY-3,wellsau01
708,Joey Wendle*,34,NYM,NL,-0.1,18,37,36,3,8,1,0,0,1,1,0,1,9,.222,.243,.250,.493,41,.225,34,9,0,0,0,0,0,/456,,wendljo01
709,Davis Wendzel,27,TEX,AL,-0.1,27,49,47,2,6,2,0,1,2,0,0,1,12,.128,.163,.234,.397,13,.174,3,11,1,1,0,0,0,5/HD43,,wendzda01
710,Jamie Westbrook,29,BOS,AL,-0.1,21,48,40,4,6,2,0,2,7,0,0,4,14,.150,.234,.350,.584,60,.271,63,14,0,1,0,2,0,4/H59D,,westbja02
711,Jordan Westburg,25,BAL,AL,2.4,107,447,416,57,110,26,5,18,63,6,3,22,97,.264,.312,.481,.792,128,.340,127,200,5,7,1,1,0,54/6D,AS,westbjo01
712,Shay Whitcomb,25,HOU,AL,-0.4,20,46,41,1,9,3,0,0,5,0,0,5,8,.220,.304,.293,.597,74,.270,72,12,1,0,0,0,0,5/H4,,whitcsh01
713,Eli White,30,ATL,NL,0.3,35,42,39,9,11,1,1,1,4,3,1,1,12,.282,.333,.436,.769,112,.330,105,17,1,2,0,0,0,9H/78D4,,whiteel04
714,Mitch White,29,MIL,NL,0.0,1,0,0,0,0,0,0,0,0,0,0,0,0,,,,,,,,0,0,0,0,0,0,/1,,whitemi03
715,Owen White,24,TEX,AL,0.0,1,0,0,0,0,0,0,0,0,0,0,0,0,,,,,,,,0,0,0,0,0,0,/1,,whiteow01
716,Joey Wiemer,25,2TM,NL,-0.2,21,28,26,2,4,0,0,0,0,1,1,2,9,.154,.214,.154,.368,6,.165,-5,4,0,0,0,0,0,7/H89D,,wiemejo01
717,Alika Williams,25,PIT,NL,-0.2,37,96,87,13,18,4,2,0,5,1,0,3,22,.207,.242,.299,.541,50,.249,45,26,0,1,5,0,0,46/H,,willial04
718,Luke Williams,27,ATL,NL,0.2,34,52,46,8,9,3,0,0,4,3,0,4,13,.196,.275,.261,.535,50,.277,59,12,1,1,1,0,0,H/45D716,,willilu01
719,Jacob Wilson,22,OAK,AL,-0.2,28,103,92,11,23,2,2,0,3,0,0,8,10,.250,.314,.315,.629,85,.281,82,29,4,1,1,1,0,6/H,,wilsoja05
720,Justin Wilson*,36,CIN,NL,0.0,1,0,0,0,0,0,0,0,0,0,0,0,0,,,,,,,,0,0,0,0,0,0,1,,wilsoju10
721,Weston Wilson,29,PHI,NL,0.7,40,98,88,13,25,7,1,3,10,3,0,8,29,.284,.347,.489,.836,132,.372,135,43,2,1,0,1,0,7H/549318,,wilsowe01
722,Josh Winckowski,26,BOS,AL,0.0,1,0,0,0,0,0,0,0,0,0,0,0,0,,,,,,,,0,0,0,0,0,0,1,,winckjo01
723,Jesse Winker*,30,2TM,NL,2.0,145,508,430,63,109,23,0,14,58,14,4,63,106,.253,.360,.405,.764,119,.344,122,174,12,10,2,3,2,7DH9,,winkeje01
724,Masyn Winn,22,STL,NL,4.9,150,637,587,85,157,32,5,15,57,11,5,41,109,.267,.314,.416,.730,103,.317,100,244,1,1,3,5,1,*6/HD,,winnma01
725,Patrick Wisdom,32,CHC,NL,-0.4,75,174,158,16,27,7,2,8,23,5,0,10,59,.171,.237,.392,.629,74,.276,68,62,1,4,1,1,0,H35D/9471,,wisdopa01
726,Brett Wisely*,25,SFG,NL,0.5,91,272,252,25,60,13,1,4,31,2,3,13,65,.238,.278,.345,.623,78,.271,77,87,3,2,2,3,0,46H/538,,wiselbr01
727,Bobby Witt Jr.,24,KCR,AL,9.4,161,709,636,125,211,45,11,32,109,31,12,57,106,.332,.389,.588,.977,172,.416,171,374,4,8,0,8,9,*6/D,ASMVP-2GGSS,wittbo02
728,Connor Wong,28,BOS,AL,1.5,126,487,447,54,125,24,1,13,52,8,7,28,114,.280,.333,.425,.758,110,.327,107,190,7,9,1,2,1,23DH/47,,wongco01
729,James Wood*,21,WSN,NL,1.1,79,336,295,43,78,13,4,9,41,14,8,39,97,.264,.354,.427,.781,123,.343,124,126,1,2,0,0,1,7,,woodja03
730,Austin Wynns,33,CIN,NL,0.4,7,20,19,3,7,4,0,0,2,0,0,0,5,.368,.400,.579,.979,164,.409,160,11,0,1,0,0,0,/2H,,wynnsau01
731,Eric Yang,26,CIN,NL,,1,1,1,0,0,0,0,0,0,0,0,0,1,.000,.000,.000,.000,-100,.000,-145,0,0,0,0,0,0,/H,,yanger01
732,Mike Yastrzemski*,33,SFG,NL,2.1,140,474,428,60,99,16,9,18,57,3,2,38,124,.231,.302,.437,.739,110,.317,108,187,5,6,1,1,1,*9H/81,,yastrmi01
733,Kirby Yates*,37,TEX,AL,0.0,3,0,0,0,0,0,0,0,0,0,0,0,0,,,,,,,,0,0,0,0,0,0,1,ASCYA-8,yateski01
734,Christian Yelich*,32,MIL,NL,2.2,73,315,270,44,85,12,3,11,42,21,1,40,58,.315,.406,.504,.909,152,.404,151,136,3,2,1,1,3,7D,AS,yelicch01
735,Juan Yepez,26,WSN,NL,0.6,62,249,226,32,64,15,0,6,26,2,1,18,42,.283,.335,.429,.764,117,.337,118,97,9,1,1,3,0,3D/H,,yepezju01
736,Nick Yorke,22,PIT,NL,-0.2,11,42,37,4,8,0,0,2,5,2,0,4,12,.216,.286,.378,.664,84,.299,78,14,0,0,0,1,0,/4957,,yorkeni01
737,Masataka Yoshida*,30,BOS,AL,1.4,108,421,378,45,106,21,0,10,56,2,0,27,52,.280,.349,.415,.765,112,.341,114,157,6,14,0,2,0,DH/7,,yoshima02
738,Alex Young*,30,CIN,NL,0.0,1,0,0,0,0,0,0,0,0,0,0,0,0,,,,,,,,0,0,0,0,0,0,/1,,youngal01
739,Jacob Young,24,WSN,NL,2.8,150,521,468,75,120,24,1,3,36,33,10,30,102,.256,.316,.331,.648,86,.299,87,155,11,12,9,2,0,*8/HD,,youngja03
740,Seby Zavala,30,SEA,AL,-0.3,18,43,39,4,6,2,0,1,2,0,0,3,16,.154,.214,.282,.496,47,.221,43,11,2,0,1,0,0,2,,zavalse01
741,Guillo Zuñiga,25,LAA,AL,0.0,1,0,0,0,0,0,0,0,0,0,0,0,0,,,,,,,,0,0,0,0,0,0,1,,zuniggu01
,MLB Average,,,,,,,,,,,,,,,,,,.243,.312,.399,.711,100,.316,100,,,,,,,,,-9999


Provided by <a href="https://www.sports-reference.com/sharing.html?utm_source=direct&utm_medium=Share&utm_campaign=ShareTool">Baseball-Reference.com</a>: <a href="https://www.baseball-reference.com/leagues/majors/2024-standard-batting.shtml?sr&utm_source=direct&utm_medium=Share&utm_campaign=ShareTool#players_standard_batting">View Original Table</a><br>Generated 4/11/2025.
